시도명,시군구명,납부필증사용대상,납부필증유형,1ℓ가격,2ℓ가격,3ℓ가격,4ℓ가격,5ℓ가격,6ℓ가격,7ℓ가격,10ℓ가격,15ℓ가격,20ℓ가격,22ℓ가격,25ℓ가격,26ℓ가격,30ℓ가격,40ℓ가격,50ℓ가격,60ℓ가격,70ℓ가격,120ℓ가격,200ℓ가격,관리부서명,관리부서전화번호,데이터기준일자,제공기관코드,제공기관명
세종특별자치시,세종특별자치시,기타,납부필증,0,0,80,0,130,0,0,270,0,540,0,0,0,0,0,0,0,0,3200,0,도시청결과,044-300-4276,2018-12-14,5690000,세종특별자치시
전라북도,익산시,단독주택,납부필증,0,0,200,0,340,0,0,0,0,1360,0,0,0,0,0,0,0,0,0,0,청소자원과,063-859-5474,2019-08-08,4680000,전라북도 익산시
서울특별시,강남구,사업장용,납부필증,0,0,0,0,0,0,0,0,0,0,0,0,0,0,0,0,3600,0,7200,0,서울특별시 강남구청,02-3423-5985,2019-08-21,3220000,서울특별시 강남구
부산광역시,동래구,단독주택,납부필증,0,160,240,0,400,0,0,0,0,2000,0,0,0,0,0,0,0,0,12000,0,청소과,051-550-4454,2019-08-16,3300000,부산광역시 동래구
경상남도,산청군,기타,전용용기,0,0,0,0,120,0,0,0,0,450,0,0,0,0,0,0,1430,0,2640,0,환경위생과,055-970-7131,2019-08-16,5450000,경상남도 산청군
경상남도,산청군,기타,기타,0,0,80,0,120,0,0,230,0,450,0,0,0,0,0,1130,0,0,0,0,환경위생과,055-970-7131,2019-08-16,5450000,경상남도 산청군
울산광역시,울주군,단독주택,납부필증,0,0,0,0,180,0,0,0,0,720,0,0,0,0,0,0,0,0,4320,0,생태환경과,052-204-2145,2019-07-31,3730000,울산광역시 울주군
전라북도,완주군,단독주택,납부필증,0,0,110,0,0,220,0,0,0,0,0,0,0,0,0,0,0,0,0,0,완주군청 환경과,063-290-2673,2019-08-07,4720000,전라북도 완주군
전라남도,함평군,단독주택,전용용기,0,0,0,0,100,0,0,0,0,400,0,0,0,0,0,0,1190,0,2390,0,환경상하수도과,061-320-1833,2019-08-06,4960000,전라남도 함평군
울산광역시,동구,단독주택,납부필증,0,0,150,0,250,0,0,0,0,0,0,0,0,0,0,0,0,0,0,0,환경미화과,052-209-3617,2019-05-31,3710000,울산광역시 동구
울산광역시,동구,공동주택,납부필증,0,0,0,0,0,0,0,0,0,0,0,0,0,0,0,0,3000,0,6000,0,환경미화과,052-209-3617,2019-05-31,3710000,울산광역시 동구
울산광역시,동구,사업장용,납부필증,0,0,0,0,0,0,0,0,0,2000,0,0,0,0,0,0,6000,0,12000,0,환경미화과,052-209-3617,2019-05-31,3710000,울산광역시 동구
전라남도,장성군,단독주택,납부필증,0,0,0,0,70,0,0,0,0,280,0,0,0,0,0,0,0,0,1680,0,환경위생과,061-390-7336,2019-06-30,4980000,전라남도 장성군
전라북도,전주시,기타,기타,0,0,210,0,350,0,0,700,0,1400,0,0,0,0,0,0,0,6888,13776,0,전라북도 전주시청,063-281-2178,2019-05-31,4640000,전라북도 전주시
전라남도,여수시,단독주택,납부필증,0,0,100,0,150,0,0,300,0,0,0,0,0,0,0,0,2000,0,4000,0,도시미화과,061-659-3840,2019-06-26,4810000,전라남도 여수시
서울특별시,관악구,사업장용,납부필증,0,0,0,0,0,0,0,1400,0,2800,0,0,0,0,0,0,8400,0,16800,0,청소행정과,02-879-6222,2019-06-03,3200000,서울특별시 관악구
서울특별시,관악구,공동주택,납부필증,0,0,0,0,0,0,0,0,0,0,0,0,0,0,0,0,0,0,12000,0,청소행정과,02-879-6222,2019-06-03,3200000,서울특별시 관악구
전라남도,구례군,단독주택/공동주택/사업장용/기타,전용용기,0,0,0,0,100,0,0,150,0,300,0,0,0,0,0,0,1000,0,2000,0,환경교통과,061-780-2143,2019-06-26,4870000,전라남도 구례군
전라남도,목포시,단독주택,납부필증,0,0,130,0,220,0,310,0,0,0,0,0,0,0,0,0,0,0,0,0,자원순환과,061-270-8574,2019-06-27,4800000,전라남도 목포시
전라남도,목포시,공동주택,납부필증,0,0,0,0,0,0,0,0,0,0,0,0,0,0,0,0,0,0,5180,0,자원순환과,061-270-8574,2019-06-27,4800000,전라남도 목포시
전라남도,목포시,사업장용,납부필증,0,0,0,0,0,0,0,0,0,870,0,0,0,0,0,0,0,0,0,0,자원순환과,061-270-8574,2019-06-27,4800000,전라남도 목포시
전라북도,남원시,단독주택,납부필증,0,0,100,0,150,0,0,270,0,510,0,0,0,0,0,0,1400,0,2800,0,환경과,063-620-6243,2019-06-10,4700000,전라북도 남원시
전라북도,남원시,공동주택,납부필증,0,0,100,0,150,0,0,270,0,510,0,0,0,0,0,0,1400,0,2800,0,환경과,063-620-6243,2019-06-10,4700000,전라북도 남원시
전라북도,남원시,사업장용,납부필증,0,0,100,0,150,0,0,270,0,510,0,0,0,0,0,0,1400,0,2800,0,환경과,063-620-6243,2019-06-10,4700000,전라북도 남원시
전라북도,남원시,기타,납부필증,0,0,100,0,150,0,0,270,0,510,0,0,0,0,0,0,1400,0,2800,0,환경과,063-620-6243,2019-06-10,4700000,전라북도 남원시
충청북도,증평군,기타,기타,0,0,0,0,0,0,0,0,0,0,0,0,0,0,0,0,0,0,0,0,환경위생과,043-835-3643,2019-05-28,5570000,충청북도 증평군
경상남도,합천군,공동주택/음식점,납부필증,0,0,0,0,0,0,0,0,0,0,0,0,0,0,0,0,1050,0,2100,0,환경위생과,055-930-3304,2019-06-19,5480000,경상남도 합천군
서울특별시,강동구,공동주택,납부필증,0,0,0,0,0,0,0,0,0,0,0,0,0,0,0,0,0,0,0,0,청소행정과,02-3425-5882,2019-06-13,3240000,서울특별시 강동구
서울특별시,강동구,사업장용,납부필증,0,0,0,0,700,0,0,0,0,0,0,0,0,0,0,0,0,0,0,0,청소행정과,02-3425-5882,2019-06-13,3240000,서울특별시 강동구
광주광역시,광산구,단독주택,납부필증,0,0,140,0,0,280,0,0,0,0,0,0,0,0,0,0,0,0,0,0,청소행정과,062-960-8477,2019-01-01,3630000,광주광역시 광산구
광주광역시,광산구,사업장용,납부필증,0,0,0,0,0,420,0,0,0,1410,0,0,0,0,0,0,0,0,0,0,청소행정과,062-960-8477,2019-01-01,3630000,광주광역시 광산구
강원도,횡성군,단독주택,전용용기,0,0,60,0,100,0,0,0,0,400,0,0,0,0,0,0,0,0,2400,0,청정환경사업소,033-340-5935,2019-06-13,4260000,강원도 횡성군
경상북도,울진군,단독주택,납부필증,0,0,80,0,130,0,0,0,0,540,0,0,0,0,0,0,1620,0,3240,0,환경위생과,054-789-6721,2020-07-13,5250000,경상북도 울진군
경상남도,밀양시,단독주택,납부필증,0,0,0,0,180,0,0,0,540,710,0,0,0,0,0,0,2120,0,4220,0,환경관리과,055-359-5321,2017-11-30,5360000,경상남도 밀양시
경상남도,밀양시,공동주택,납부필증,0,0,0,0,180,0,0,0,540,710,0,0,0,0,0,0,2120,0,4220,0,환경관리과,055-359-5321,2017-11-30,5360000,경상남도 밀양시
강원도,영월군,공동주택,전용용기,0,0,0,0,70,0,0,0,0,230,0,0,0,0,0,0,0,0,1440,0,환경산림과,033-370-2335,2018-08-27,4270000,강원도 영월군
강원도,영월군,사업장용,전용용기,0,0,0,0,70,0,0,0,0,230,0,0,0,0,0,0,0,0,1440,0,환경산림과,033-370-2335,2018-08-27,4270000,강원도 영월군
강원도,영월군,사업장용,전용용기,0,0,0,0,0,0,0,0,0,0,0,0,0,0,0,0,0,0,2880,0,환경산림과,033-370-2335,2018-08-27,4270000,강원도 영월군
충청남도,당진시,기타,납부필증,0,0,0,0,0,0,0,0,0,0,0,0,0,0,0,0,2100,0,4200,0,자원순환과,041-350-4322,2018-08-27,5680000,충청남도 당진시
전라북도,김제시,단독주택,납부필증,0,0,0,0,130,0,0,0,0,0,0,0,0,0,0,0,0,0,0,0,환경과,063-540-3165,2018-08-09,4710000,전라북도 김제시
전라북도,김제시,공동주택,납부필증,0,0,0,0,0,0,0,0,0,0,0,0,0,0,0,0,0,0,2770,0,환경과,063-540-3165,2018-08-09,4710000,전라북도 김제시
전라북도,김제시,사업장용,납부필증,0,0,0,0,0,0,0,0,0,470,0,0,0,0,0,0,1380,0,2770,0,환경과,063-540-3165,2018-08-09,4710000,전라북도 김제시
전라북도,김제시,기타,납부필증,0,0,0,0,0,0,0,0,0,0,0,0,0,0,0,0,0,0,9240,0,환경과,063-540-3165,2018-08-09,4710000,전라북도 김제시
전라북도,고창군,단독주택,기타,0,0,0,0,100,0,0,200,0,0,0,0,0,0,0,0,1200,0,2400,0,환경시설사업소,063-560-2891,2018-07-31,4780000,전라북도 고창군
부산광역시,금정구,단독주택,전용용기,0,0,240,0,400,0,0,0,0,2000,0,0,0,0,0,0,0,0,0,0,자원순환과,051-519-4452,2019-08-27,3350000,부산광역시 금정구
부산광역시,금정구,공동주택,납부필증,70,0,0,0,0,0,0,0,0,0,0,0,0,0,0,0,0,0,0,0,자원순환과,051-519-4452,2019-08-27,3350000,부산광역시 금정구
부산광역시,금정구,사업장용,기타,0,0,0,0,0,0,0,0,0,0,0,0,0,0,0,0,6000,0,12000,0,자원순환과,051-519-4452,2019-08-27,3350000,부산광역시 금정구
강원도,춘천시,단독주택,전용용기,0,0,80,0,140,0,0,230,0,470,0,0,0,0,0,0,0,0,0,0,자원순환과,033-250-4350,2019-08-23,4180000,강원도 춘천시
인천광역시,서구,단독주택,납부필증,0,0,180,0,300,0,0,0,0,0,0,0,0,0,0,0,3600,0,7200,0,자원순환과,032-560-4412,2019-08-07,3560000,인천광역시 서구
인천광역시,서구,단독주택,김장전용봉투,0,0,0,0,0,0,0,0,0,1200,0,0,0,0,0,0,0,0,0,0,자원순환과,032-560-4412,2019-08-07,3560000,인천광역시 서구
인천광역시,서구,청라지역,음식물류폐기물 전용봉투,0,120,180,0,300,0,0,600,0,0,0,0,0,0,0,0,0,0,0,0,자원순환과,032-560-4412,2019-08-07,3560000,인천광역시 서구
강원도,양양군,공동주택,기타,0,40,60,0,90,0,0,170,0,340,0,0,0,0,0,0,0,0,0,0,환경과,033-670-2186,2019-08-21,4350000,강원도 양양군
강원도,양양군,사업장용,기타,0,40,60,0,90,0,0,170,0,340,0,0,0,0,0,0,0,0,0,0,환경과,033-670-2186,2019-08-21,4350000,강원도 양양군
서울특별시,서대문구,사업장용,납부필증,0,0,0,0,0,0,0,0,0,0,0,0,0,0,0,0,0,0,12000,0,청소행정과,02-330-1530,2019-07-18,3120000,서울특별시 서대문구
서울특별시,서대문구,공동주택,납부필증,0,0,0,0,0,0,0,1400,0,2800,0,3500,0,0,0,0,0,0,16800,0,청소행정과,02-330-1530,2019-07-18,3120000,서울특별시 서대문구
전라북도,진안군,단독주택,전용용기,0,0,0,0,0,0,0,0,0,0,0,0,0,0,0,0,0,0,0,0,환경산림과,063-430-2339,2019-06-05,4730000,전라북도 진안군
경기도,하남시,단독주택,납부필증,0,0,110,0,180,0,0,360,0,700,0,0,0,0,0,0,0,0,0,0,자원순환과,031-790-6251,2019-04-15,4040000,경기도 하남시
서울특별시,서초구,사업장용,기타,0,0,0,0,700,0,0,1400,0,2800,0,0,0,0,0,0,8400,0,16800,0,청소행정과,02-2155-6747,2019-05-27,3210000,서울특별시 서초구
경기도,포천시,단독주택/공동주택/사업장용/기타,납부필증/기타,0,0,70,0,130,0,0,260,0,520,0,0,0,0,0,0,0,0,0,0,친환경정책과,031-538-2245,2019-05-01,5600000,경기도 포천시
충청남도,계룡시,단독주택,납부필증,0,0,150,0,250,0,0,0,0,1000,0,0,0,0,0,0,0,0,6000,0,환경위생과,042-840-2484,2019-05-16,5580000,충청남도 계룡시
충청남도,계룡시,공동주택,납부필증,0,0,150,0,250,0,0,0,0,1000,0,0,0,0,0,0,0,0,6000,0,환경위생과,042-840-2484,2019-05-16,5580000,충청남도 계룡시
충청남도,계룡시,사업장용,납부필증,0,0,150,0,250,0,0,0,0,1000,0,0,0,0,0,0,0,0,6000,0,환경위생과,042-840-2484,2019-05-16,5580000,충청남도 계룡시
경기도,가평군,단독주택,전용용기,0,40,60,0,100,0,0,200,0,400,0,0,0,0,0,1000,0,0,0,0,환경과 환경미화팀,031-580-2552,2019-05-13,4160000,경기도 가평군
부산광역시,서구,단독주택,납부필증,0,0,240,0,0,0,0,0,0,0,0,0,0,0,0,0,0,0,0,0,청소행정과,051-240-4451,2019-05-08,3260000,부산광역시 서구
부산광역시,서구,단독주택,납부필증,0,0,0,0,400,0,0,0,0,0,0,0,0,0,0,0,0,0,0,0,청소행정과,051-240-4451,2019-05-08,3260000,부산광역시 서구
부산광역시,서구,기타,납부필증,0,0,0,0,0,0,0,0,0,2000,0,0,0,0,0,0,0,0,0,0,청소행정과,051-240-4451,2019-05-08,3260000,부산광역시 서구
부산광역시,서구,공동주택,납부필증,0,0,0,0,0,0,0,0,0,0,0,0,0,0,0,0,0,0,8400,0,청소행정과,051-240-4451,2019-05-08,3260000,부산광역시 서구
부산광역시,서구,사업장용,납부필증,0,0,0,0,0,0,0,0,0,0,0,0,0,0,0,0,0,0,12000,0,청소행정과,051-240-4451,2019-05-08,3260000,부산광역시 서구
경기도,화성시,기타,납부필증,0,0,160,0,0,0,0,530,0,0,0,0,0,0,0,0,1220,0,0,0,자원순환과,031-369-6847,2019-04-17,5530000,경기도 화성시
경기도,구리시,기타,납부필증,0,0,100,0,160,0,0,300,0,600,0,0,0,0,0,0,0,0,0,0,자원행정과,031-550-2259,2019-04-26,3980000,경기도 구리시
서울특별시,광진구,단독주택,납부필증,0,190,300,0,500,0,0,0,0,0,0,0,0,0,0,0,0,0,0,0,청소과,02-450-7627,2019-02-26,3040000,서울특별시 광진구
서울특별시,광진구,공동주택,납부필증,0,0,0,0,0,0,0,0,0,0,0,0,0,0,0,0,0,0,12000,0,청소과,02-450-7627,2019-02-26,3040000,서울특별시 광진구
서울특별시,광진구,사업장용,납부필증,0,0,0,0,0,0,0,1400,0,2800,0,0,0,0,0,0,0,0,16800,0,청소과,02-450-7627,2019-02-26,3040000,서울특별시 광진구
세종특별자치시,세종특별자치시,기타,납부필증,0,0,80,0,130,0,0,270,0,540,0,0,0,0,0,0,0,0,3200,0,도시청결과,044-300-4276,2018-12-14,5690000,세종특별자치시
강원도,고성군,기타,납부필증,0,0,0,0,0,0,0,0,0,0,0,0,0,0,0,0,0,0,10000,0,환경보호과,033-680-3985,2020-07-14,4340000,강원도 고성군
충청남도,서천군,공동주택,납부필증,0,0,0,0,0,0,0,0,0,0,0,0,0,0,0,0,0,0,1800,0,환경보호과,041-950-4395,2020-07-10,4580000,충청남도 서천군
전라북도,순창군,단독주택,납부필증,0,0,0,0,200,0,0,0,0,0,0,0,0,0,0,0,2400,0,4800,0,환경수도과,063-650-1725,2020-07-02,4770000,전라북도 순창군
서울특별시,강북구,사업장용,납부필증,0,0,0,0,700,0,0,1400,0,2800,0,0,0,0,0,0,8400,0,16800,0,청소행정과,02-901-6763,2020-06-11,3080000,서울특별시 강북구
서울특별시,강북구,공동주택,납부필증,0,0,0,0,0,0,0,0,0,0,0,0,0,0,0,0,6000,0,12000,0,청소행정과,02-901-6763,2020-06-11,3080000,서울특별시 강북구
경상북도,청도군,단독주택+공동주택,전용용기,0,0,90,0,150,0,0,0,0,600,0,0,0,0,0,0,0,0,3600,0,환경과,054-370-6193,2020-06-30,5190000,경상북도 청도군
울산광역시,중구,공동주택,납부필증,0,0,0,0,300,0,0,0,0,2400,0,0,0,0,0,0,7200,0,14400,0,경영사업팀,052-290-7657,2020-07-07,B553013,울산광역시중구도시관리공단
울산광역시,중구,사업장용,납부필증,0,0,0,0,0,0,0,0,0,2400,0,0,0,0,0,0,7200,0,14400,0,경영사업팀,052-290-7657,2020-07-07,B553013,울산광역시중구도시관리공단
전라남도,강진군,사업장용,납부필증,0,0,0,0,0,110,0,0,0,0,0,0,0,550,0,0,1100,0,2200,0,환경축산과,061-430-3235,2020-07-09,4920000,전라남도 강진군
충청남도,홍성군,사업장용,기타,0,0,0,0,0,0,0,0,0,0,0,500,0,0,0,0,1200,0,2400,0,환경과,041-630-1338,2020-07-06,4600000,충청남도 홍성군
충청남도,홍성군,사업장용,기타,0,0,0,0,0,0,0,0,0,0,0,3320,0,0,0,0,7980,0,15950,0,환경과,041-630-1338,2020-07-06,4600000,충청남도 홍성군
경상북도,군위군,단독주택+공동주택,납부필증,0,0,0,0,70,0,0,130,0,240,0,0,0,0,0,0,0,0,0,0,환경위생과,054-380-7946,2020-07-13,5140000,경상북도 군위군
충청북도,청주시,단독주택+공동주택+기타,전용용기+납부필증,0,0,180,0,300,0,0,0,0,1200,0,0,0,0,0,0,3600,0,7200,0,자원정책과,043-201-4674,2020-06-30,5710000,충청북도 청주시
대구광역시,달성군,단독주택/공동주택/사업장용,납부필증,0,0,120,0,200,0,0,0,0,810,0,0,0,0,0,0,0,0,4880,0,청소위생과,053-668-2713,2020-07-01,3480000,대구광역시 달성군
인천광역시,연수구,단독주택,전용용기,0,0,180,0,300,0,0,600,0,0,0,1430,0,0,0,0,0,0,6830,0,자원순환과,032-749-7863,2020-07-13,3520000,인천광역시 연수구
인천광역시,연수구,사업장용,전용용기,0,0,0,0,0,0,0,0,0,0,0,1790,0,0,0,0,0,0,8530,0,자원순환과,032-749-7863,2020-07-13,3520000,인천광역시 연수구
경상북도,의성군,기타,전용용기,0,0,0,0,85,0,0,170,0,340,0,0,0,0,0,0,0,0,1500,0,환경과,054-830-6571,2020-06-30,5150000,경상북도 의성군
대구광역시,수성구,단독주택,전용용기,0,0,120,0,200,0,0,0,0,810,0,0,0,0,0,0,0,0,4880,0,자원순환과,053-666-2716,2020-07-14,3460000,대구광역시 수성구
경상북도,울진군,공동주택,전용용기,27,0,0,0,0,0,0,0,0,0,0,0,0,0,0,0,0,0,0,0,환경위생과,054-789-6721,2020-07-13,5250000,경상북도 울진군
대전광역시,유성구,단독주택,납부필증,0,0,180,0,300,0,0,0,0,1200,0,0,0,0,0,0,0,0,7200,0,환경보호과,042-611-2372,2020-07-14,3670000,대전광역시 유성구
울산광역시,중구,단독주택,납부필증,0,0,0,0,250,0,0,0,0,0,0,0,0,0,0,0,0,0,0,0,울산광역시 중구청,052-290-3774,2019-09-24,3690000,울산광역시 중구
울산광역시,중구,공동주택,기타,0,0,0,0,0,0,0,0,0,0,0,0,0,0,0,0,6000,0,12000,0,울산광역시 중구청,052-290-3774,2019-09-24,3690000,울산광역시 중구
울산광역시,중구,사업장용,납부필증,0,0,0,0,0,0,0,0,0,2000,0,0,0,0,0,0,6000,0,12000,0,울산광역시 중구청,052-290-3774,2019-09-24,3690000,울산광역시 중구
부산광역시,연제구,단독주택,납부필증,0,0,240,0,400,0,0,0,0,0,0,0,0,0,0,0,0,0,0,0,자원순환과,051-665-4436,2019-09-17,3370000,부산광역시 연제구
부산광역시,연제구,사업장용,납부필증,0,0,0,0,0,0,0,0,0,2000,0,0,0,0,0,0,0,0,0,0,자원순환과,051-665-4436,2019-09-17,3370000,부산광역시 연제구
울산광역시,북구,단독주택,납부필증,0,0,0,0,250,0,0,0,0,0,0,0,0,0,0,0,3000,0,6000,0,환경미화과,052-241-7813,2019-09-10,3720000,울산광역시 북구
울산광역시,북구,사업장용,납부필증,0,0,0,0,0,0,0,0,0,2000,0,0,0,0,0,0,6000,0,12000,0,환경미화과,052-241-7813,2019-09-10,3720000,울산광역시 북구
서울특별시,금천구,사업장용,납부필증,0,0,0,0,0,0,0,1400,0,0,0,3500,0,0,0,0,8400,0,16800,0,청소행정과,02-2627-2375,2019-08-31,3170000,서울특별시 금천구
경상북도,김천시,단독주택,전용용기,0,0,0,0,150,0,0,0,0,600,0,0,0,0,0,0,0,0,3600,0,생활환경과,054-420-6183,2019-09-10,5060000,경상북도 김천시
경상북도,경산시,단독주택,납부필증,0,0,75,0,120,0,0,0,0,500,0,0,0,0,0,0,0,0,2760,0,자원순환과,053-810-6061,2019-09-10,5130000,경상북도 경산시
경상북도,경산시,공동주택,납부필증,0,0,0,0,0,0,0,0,0,0,0,0,0,0,0,0,0,0,2760,0,자원순환과,053-810-6061,2019-09-10,5130000,경상북도 경산시
경상북도,경산시,단독주택,기타,0,0,0,0,0,0,0,0,0,500,0,0,0,0,0,0,0,0,0,0,자원순환과,053-810-6061,2019-09-10,5130000,경상북도 경산시
경상북도,경산시,공동주택,기타,0,0,0,0,0,0,0,0,0,500,0,0,0,0,0,0,0,0,0,0,자원순환과,053-810-6061,2019-09-10,5130000,경상북도 경산시
부산광역시,부산진구,단독주택,전용용기,0,0,240,0,400,0,0,0,0,2000,0,0,0,0,0,0,0,0,12000,0,청소행정과,051-605-4455,2019-08-22,3290000,부산광역시 부산진구
전라남도,순천시,기타,납부필증,0,0,110,0,0,210,0,350,0,700,0,0,0,0,0,0,2090,0,4180,0,청소자원과,061-749-6403,2019-08-29,4820000,전라남도 순천시
부산광역시,남구,단독주택,납부필증,0,0,240,0,400,0,0,0,0,2000,0,0,0,0,0,0,0,0,0,0,청소행정과,051-607-4435,2019-08-28,3310000,부산광역시 남구
경상남도,창원시,단독주택/공동주택,전용용기,0,70,100,0,170,0,0,350,0,700,0,0,0,0,0,0,2150,0,4310,0,환경위생과,055-225-3583,2018-06-30,5670000,경상남도 창원시
강원도,영월군,단독주택,전용용기,0,0,0,0,70,0,0,0,0,230,0,0,0,0,0,0,0,0,1440,0,환경산림과,033-370-2335,2018-08-27,4270000,강원도 영월군
전라남도,해남군,단독주택,납부필증,0,0,0,0,0,130,0,0,0,430,0,0,0,0,0,0,1320,0,2640,0,환경교통과,061-530-5336,2020-07-13,4930000,전라남도 해남군
서울특별시,노원구,단독주택+공동주택,납부필증,100,0,300,0,0,600,0,0,0,2000,0,0,0,0,0,0,0,0,12000,0,자원순환과,02-2116-3816,2020-07-09,3100000,서울특별시 노원구
서울특별시,노원구,사업장용,납부필증,0,0,0,0,700,0,0,1400,0,2800,0,0,0,0,0,0,8400,0,16800,0,자원순환과,02-2116-3816,2020-07-09,3100000,서울특별시 노원구
부산광역시,중구,단독주택,납부필증,0,0,240,0,400,0,0,0,0,1600,0,0,0,0,0,0,0,0,0,0,청소과,051-600-4452,2020-04-27,3250000,부산광역시 중구
부산광역시,중구,기타,납부필증,0,0,0,0,500,0,0,0,0,2000,0,0,0,0,0,0,0,0,12000,0,청소과,051-600-4452,2020-04-27,3250000,부산광역시 중구
부산광역시,중구,공동주택,납부필증,0,0,0,0,0,0,0,0,0,0,0,0,0,0,0,0,0,0,8400,0,청소과,051-600-4452,2020-04-27,3250000,부산광역시 중구
충청남도,논산시,공동주택,기타,0,0,70,0,120,0,0,240,0,480,0,0,0,0,0,0,1440,0,2880,0,환경과,041-746-5533,2020-07-01,4540000,충청남도 논산시
충청남도,논산시,단독주택,기타,0,0,70,0,120,0,0,240,0,480,0,0,0,0,0,0,1440,0,2880,0,환경과,041-746-5533,2020-07-01,4540000,충청남도 논산시
대전광역시,유성구,공동주택,납부필증,0,0,180,0,300,0,0,0,0,1200,0,0,0,0,0,0,0,0,7200,0,환경보호과,042-611-2372,2020-07-14,3670000,대전광역시 유성구
대전광역시,유성구,공동주택,기타,0,0,180,0,300,0,0,0,0,1200,0,0,0,0,0,0,0,0,7200,0,환경보호과,042-611-2372,2020-07-14,3670000,대전광역시 유성구
대전광역시,유성구,사업장용,납부필증,0,0,180,0,300,0,0,0,0,1200,0,0,0,0,0,0,0,0,7200,0,환경보호과,042-611-2372,2020-07-14,3670000,대전광역시 유성구
대구광역시,서구,단독주택,납부필증,0,0,120,0,200,0,0,0,0,810,0,0,0,0,0,0,0,0,4880,0,환경청소과,053-663-2724,2020-07-10,3430000,대구광역시 서구
전라북도,정읍시,단독주택,전용용기,0,0,3400,0,4650,0,0,5880,0,12750,0,0,0,0,0,0,0,0,0,0,환경과,063-539-5726,2020-07-17,4690000,전라북도 정읍시
전라북도,정읍시,단독주택,기타,0,0,150,0,250,0,0,0,0,1000,0,0,0,0,0,0,0,0,0,0,환경과,063-539-5726,2020-07-17,4690000,전라북도 정읍시
강원도,인제군,공동주택,기타,0,40,60,0,90,0,0,150,0,0,300,0,0,0,0,750,0,0,1700,0,환경보호과,033-460-2063,2020-07-14,4330000,강원도 인제군
강원도,인제군,사업장용,기타,0,40,60,0,90,0,0,150,0,0,300,0,0,0,0,750,0,0,1700,0,환경보호과,033-460-2063,2020-07-14,4330000,강원도 인제군
부산광역시,영도구,단독주택,납부필증,0,0,240,0,400,0,0,0,0,2000,0,0,0,0,0,0,6000,0,12000,0,부산광역시 영도구 청소행정과,051-419-4465,2020-07-15,3280000,부산광역시 영도구
경기도,안산시,공동주택,납부필증,0,0,0,0,0,0,0,0,0,0,0,0,0,0,0,0,0,0,3120,0,자원순환과,031-481-3538,2020-05-31,3930000,경기도 안산시
경상남도,사천시,기타,기타,0,0,0,0,130,0,0,0,0,500,0,0,0,0,0,0,1450,0,2910,0,환경사업소,055-831-5600,2020-07-10,5340000,경상남도 사천시
경상남도,창녕군,단독주택,납부필증,0,0,90,0,150,0,0,0,0,0,0,0,0,0,0,0,0,0,0,0,환경위생과,055-530-1624,2020-07-17,5410000,경상남도 창녕군
경상남도,창녕군,공동주택,납부필증,0,0,0,0,0,0,0,0,0,0,0,0,0,0,0,0,0,0,3600,0,환경위생과,055-530-1624,2020-07-17,5410000,경상남도 창녕군
경상남도,창녕군,사업장용,납부필증,0,0,0,0,0,0,0,0,0,600,0,0,0,0,0,0,1800,0,0,0,환경위생과,055-530-1624,2020-07-17,5410000,경상남도 창녕군
경상남도,창녕군,기타,납부필증,0,0,0,0,0,0,0,0,0,0,0,0,0,0,0,0,0,0,0,0,환경위생과,055-530-1624,2020-07-17,5410000,경상남도 창녕군
경상남도,고성군,공동주택,납부필증,0,0,100,0,0,0,0,0,0,0,0,0,0,0,0,0,0,0,0,0,환경과,055-670-2413,2020-07-10,5420000,경상남도 고성군
경상남도,고성군,단독주택,납부필증,0,0,100,0,170,0,0,0,0,0,0,0,0,0,0,0,0,0,0,0,환경과,055-670-2413,2020-07-10,5420000,경상남도 고성군
경상남도,고성군,사업장용,납부필증,0,0,0,0,0,0,0,0,0,700,0,0,0,0,0,0,0,0,0,0,환경과,055-670-2413,2020-07-10,5420000,경상남도 고성군
경기도,여주시,단독주택,전용용기,30,50,70,0,120,0,0,230,0,460,0,0,0,0,0,1150,0,0,0,0,자원순환과,031-887-2453,2020-07-16,5700000,경기도 여주시
경상북도,문경시,기타,납부필증,0,0,90,0,150,0,0,0,0,600,0,0,0,0,0,0,0,0,3600,0,환경보호과,054-550-6191,2020-07-16,5120000,경상북도 문경시
대구광역시,중구,단독주택,납부필증,0,80,120,0,200,0,0,0,0,810,0,0,0,0,0,0,0,0,4880,0,환경자원과,053-661-2724,2020-07-12,3410000,대구광역시 중구
전라남도,영암군,단독주택,납부필증,0,0,0,0,0,100,0,0,0,520,0,0,0,0,0,0,1550,0,2650,0,환경보전과,061-470-2336,2020-07-13,4940000,전라남도 영암군
전라남도,영암군,기타,납부필증,0,0,0,0,0,100,0,0,0,520,0,0,0,0,0,0,1550,0,3100,0,환경보전과,061-470-2336,2020-07-13,4940000,전라남도 영암군
충청북도,진천군,부,부,0,70,0,0,140,0,0,250,0,480,0,0,0,0,0,0,0,0,0,0,환경과,043-539-3463,2020-07-14,4450000,충청북도 진천군
부산광역시,동구,단독주택,납부필증,0,0,240,0,400,0,0,0,0,0,0,0,0,0,0,0,0,0,0,0,자원순환과,051-440-4452,2020-07-15,3270000,부산광역시 동구
부산광역시,동구,사업장용,납부필증,0,0,0,0,0,0,0,0,0,2000,0,0,0,0,0,0,6000,0,0,0,자원순환과,051-440-4452,2020-07-15,3270000,부산광역시 동구
부산광역시,동구,공동주택,납부필증,0,0,0,0,0,0,0,0,0,0,0,0,0,0,0,0,0,0,8400,0,자원순환과,051-440-4452,2020-07-15,3270000,부산광역시 동구
경상북도,칠곡군,종량제봉투,종량제봉투,0,0,50,0,70,0,0,130,0,0,0,0,0,0,0,0,0,0,0,0,환경관리과,054-979-6723,2020-07-01,5220000,경상북도 칠곡군
강원도,고성군,단독주택,납부필증,0,0,80,0,0,0,0,0,0,0,0,0,0,0,0,0,0,0,0,0,환경보호과,033-680-3985,2020-07-14,4340000,강원도 고성군
강원도,고성군,공동주택,납부필증,0,0,0,0,0,0,0,0,0,0,0,0,0,0,0,0,0,0,0,0,환경보호과,033-680-3985,2020-07-14,4340000,강원도 고성군
강원도,고성군,사업장용,납부필증,0,0,0,0,0,0,0,0,0,0,0,0,0,0,0,0,0,0,6500,0,환경보호과,033-680-3985,2020-07-14,4340000,강원도 고성군
전라북도,군산시,사업장용,납부필증,0,0,0,0,0,0,0,0,0,1000,0,0,0,0,0,0,0,0,6000,0,자원순환과,063-454-3463,2020-06-29,4670000,전라북도 군산시
전라북도,군산시,공동주택,납부필증,0,0,0,0,0,0,0,0,0,0,0,0,0,0,0,0,0,0,6000,0,자원순환과,063-454-3463,2020-06-29,4670000,전라북도 군산시
서울특별시,종로구,사업장용,납부필증,0,0,0,0,0,0,0,1400,0,2800,0,0,0,0,0,0,0,0,16800,0,청소행정과,02-2148-2393,2020-07-07,3000000,서울특별시 종로구
서울특별시,종로구,공동주택,납부필증,100,190,300,0,500,0,0,0,0,0,0,0,0,0,0,0,0,0,0,0,청소행정과,02-2148-2393,2020-07-07,3000000,서울특별시 종로구
서울특별시,종로구,공동주택,기타,130,0,0,0,0,0,0,0,0,0,0,0,0,0,0,0,0,0,0,0,청소행정과,02-2148-2393,2020-07-07,3000000,서울특별시 종로구
인천광역시,부평구,단독주택,납부필증,0,120,180,0,300,0,0,0,0,0,0,0,0,0,0,0,0,0,0,0,자원순환과,032-509-6620,2020-07-07,3540000,인천광역시 부평구
인천광역시,부평구,공동주택,납부필증,0,0,0,0,0,0,0,0,0,0,0,0,0,0,0,0,3600,0,7200,0,자원순환과,032-509-6620,2020-07-07,3540000,인천광역시 부평구
인천광역시,부평구,사업장용,납부필증,0,0,0,0,0,0,0,850,0,1680,0,0,0,0,0,0,0,0,0,0,자원순환과,032-509-6620,2020-07-07,3540000,인천광역시 부평구
전라남도,무안군,단독주택,기타,0,0,0,0,0,110,0,0,0,310,0,0,0,0,0,0,1020,0,2040,0,환경과,061-450-5552,2020-07-07,4950000,전라남도 무안군
전라남도,무안군,사업장용,전용용기,0,0,0,0,0,110,0,0,0,310,0,0,0,0,0,0,1020,0,2040,0,환경과,061-450-5552,2020-07-07,4950000,전라남도 무안군
전라남도,무안군,공동주택,기타,0,0,0,0,0,1000,0,0,0,0,0,0,0,0,0,0,0,0,0,0,환경과,061-450-5552,2020-07-07,4950000,전라남도 무안군
충청남도,서산시,"단독,일반주택/소형음식점",납부필증,0,0,0,0,180,0,0,0,0,0,770,0,0,0,0,0,0,0,4200,0,자원순환과,041-660-2033,2020-06-24,4530000,충청남도 서산시
경상남도,양산시,단독주택,납부필증,0,0,200,0,330,0,450,0,0,0,0,0,0,0,0,0,0,0,0,0,자원순환과,055-392-2643,2020-06-02,5380000,경상남도 양산시
경상남도,양산시,사업장용,납부필증,0,0,0,0,0,0,0,0,940,0,1400,0,1660,0,2590,0,0,0,0,0,자원순환과,055-392-2643,2020-06-02,5380000,경상남도 양산시
전라남도,광양시,기타,전용용기,0,0,0,0,130,0,0,0,0,530,0,0,0,0,0,0,0,0,3120,0,환경과,061-797-2794,2020-02-28,4840000,전라남도 광양시
전라남도,광양시,단독주택,전용용기,0,0,0,0,130,0,0,0,0,530,0,0,0,0,0,0,0,0,3120,0,환경과,061-797-2794,2020-02-28,4840000,전라남도 광양시
대구광역시,수성구,공동주택,전용용기,0,0,120,0,200,0,0,0,0,810,0,0,0,0,0,0,0,0,4880,0,자원순환과,053-666-2716,2020-07-14,3460000,대구광역시 수성구
대구광역시,수성구,사업장용,전용용기,0,0,120,0,200,0,0,0,0,810,0,0,0,0,0,0,0,0,4880,0,자원순환과,053-666-2716,2020-07-14,3460000,대구광역시 수성구
경상북도,고령군,단독주택,납부필증,20,40,50,0,90,0,0,180,0,360,0,0,0,0,0,0,0,0,0,0,환경과,054-950-6524,2020-07-01,5200000,경상북도 고령군
경상북도,고령군,공동주택,전용용기,0,0,0,0,0,0,0,0,0,0,0,0,0,0,0,0,0,0,0,0,환경과,054-950-6524,2020-07-01,5200000,경상북도 고령군
전라남도,화순군,단독주택,납부필증,0,0,0,0,80,0,0,0,0,320,0,0,0,0,0,0,960,0,1920,0,자원순환팀,061-379-3604,2020-06-30,4900000,전라남도 화순군
전라남도,화순군,공동주택,납부필증,0,0,0,0,80,0,0,0,0,320,0,0,0,0,0,0,960,0,1920,0,자원순환팀,061-379-3604,2020-06-30,4900000,전라남도 화순군
전라남도,화순군,사업장용,납부필증,0,0,0,0,80,0,0,0,0,320,0,0,0,0,0,0,960,0,1920,0,자원순환팀,061-379-3604,2020-06-30,4900000,전라남도 화순군
전라남도,화순군,기타,납부필증,0,0,0,0,80,0,0,0,0,320,0,0,0,0,0,0,960,0,1920,0,자원순환팀,061-379-3604,2020-06-30,4900000,전라남도 화순군
전라남도,보성군,사업장용,기타,0,0,0,0,0,0,0,0,0,0,0,0,0,0,0,0,0,0,4680,0,환경생태과,061-850-5343,2020-06-25,4890000,전라남도 보성군
전라남도,보성군,공동주택,기타,0,0,0,0,0,0,0,0,0,0,0,0,0,0,0,0,0,0,2430,0,환경생태과,061-850-5343,2020-06-25,4890000,전라남도 보성군
경상남도,진주시,단독주택,납부필증,0,0,130,0,230,0,0,440,0,890,0,0,0,0,0,0,2660,0,5310,0,청소과,055-749-5343,2020-06-30,5310000,경상남도 진주시
전라남도,영광군,공동주택,납부필증,0,0,0,0,0,0,0,0,0,0,0,0,0,0,0,0,1300,0,2600,0,도시환경과,061-350-5343,2020-06-23,4970000,전라남도 영광군
전라남도,영광군,사업장용,납부필증,0,0,0,0,0,0,0,0,0,0,0,0,0,0,0,0,1300,0,2600,0,도시환경과,061-350-5343,2020-06-23,4970000,전라남도 영광군
제주특별자치도,제주시,단독주택,기타,30,60,90,120,150,180,210,240,270,300,330,360,390,420,450,480,510,540,570,600,생활환경과,064-728-3181,2020-07-07,6510000,제주특별자치도 제주시
제주특별자치도,제주시,공동주택,기타,30,60,90,120,150,180,210,240,270,300,330,360,390,420,450,480,510,540,570,600,생활환경과,064-728-3181,2020-07-07,6510000,제주특별자치도 제주시
제주특별자치도,제주시,사업장용,기타,51,102,153,204,255,306,357,408,459,510,561,612,663,714,765,816,867,918,969,1020,생활환경과,064-728-3181,2020-07-07,6510000,제주특별자치도 제주시
인천광역시,중구,단독주택+사업장용,납부필증,0,120,180,0,300,0,0,600,0,1200,0,0,0,0,0,0,3600,0,7200,0,환경보호과,032-760-7218,2020-07-09,3490000,인천광역시 중구
경상남도,거창군,단독주택,납부필증,0,0,0,0,100,0,0,0,0,0,0,0,0,0,0,0,0,0,0,0,환경과,055-940-3500,2020-06-30,5470000,경상남도 거창군
경상남도,거창군,공동주택,납부필증,0,0,0,0,0,0,0,0,0,0,0,0,0,0,0,0,0,0,2400,0,환경과,055-940-3500,2020-06-30,5470000,경상남도 거창군
경상남도,거창군,사업장용/기타,납부필증,0,0,0,0,0,0,0,0,0,600,0,0,0,0,0,0,0,0,3600,0,환경과,055-940-3500,2020-06-30,5470000,경상남도 거창군
강원도,태백시,단독주택,납부필증,0,0,70,0,100,0,0,0,0,370,0,0,0,0,0,0,1110,0,2220,0,환경보호과,033-550-2063,2020-07-08,4220000,강원도 태백시
강원도,태백시,사업장용,납부필증,0,0,0,0,0,0,0,0,0,870,0,0,0,0,0,0,2610,0,5220,0,환경보호과,033-550-2603,2020-07-08,4220000,강원도 태백시
경상북도,영천시,공동주택,전용용기,0,0,0,0,0,0,0,0,0,0,0,0,0,0,0,0,0,0,3600,0,자원순환과,054-330-6193,2020-06-22,5100000,경상북도 영천시
충청북도,제천시,사업장용,기타,0,0,0,0,0,0,0,200,0,400,0,0,0,0,0,0,1400,0,0,0,자원순환과,043-641-6425,2020-06-25,4400000,충청북도 제천시
경상북도,구미시,"단독주택, 소형음식점",납부필증,0,0,60,0,125,0,0,250,0,470,0,0,0,0,0,0,1410,0,2820,0,자원순환과,054-480-5222,2020-06-30,5080000,경상북도 구미시
대전광역시,서구,단독주택,전용용기,0,0,180,0,300,0,0,600,0,1200,0,0,0,0,0,0,0,0,7200,0,환경과,042-288-3553,2020-06-30,3660000,대전광역시 서구
경기도,남양주시,공동주택,납부필증,0,0,0,0,0,0,0,0,0,0,0,0,0,0,0,0,0,0,6000,0,자원순환과,031-590-2256,2020-07-01,3990000,경기도 남양주시
대구광역시,남구,단독주택,납부필증,0,0,120,0,200,0,0,0,0,810,0,0,0,0,0,0,0,0,4880,0,녹색환경과,053-664-2591,2020-06-26,3440000,대구광역시 남구
경상북도,경주시,단독주택,납부필증,0,0,120,0,200,0,0,400,0,800,0,0,0,0,0,0,2400,0,4800,0,자원순환과,054-779-6693,2020-06-30,5050000,경상북도 경주시
경상북도,경주시,공동주택,납부필증,0,0,120,0,200,0,0,400,0,800,0,0,0,0,0,0,2400,0,4800,0,자원순환과,054-779-6693,2020-06-30,5050000,경상북도 경주시
경상북도,경주시,사업장용,납부필증,0,0,120,0,200,0,0,400,0,800,0,0,0,0,0,0,2400,0,4800,0,자원순환과,054-779-6693,2020-06-30,5050000,경상북도 경주시
충청남도,보령시,공동주택,기타,0,40,60,0,100,0,0,200,0,380,0,0,0,0,0,0,0,0,3200,0,충청남도 보령시청 환경보호과,041-930-3678,2020-07-01,4510000,충청남도 보령시
전라북도,임실군,사업장용,기타,0,0,100,0,0,0,0,0,0,0,0,0,0,0,0,0,1800,0,3600,0,환경보호과,063-640-2393,2020-06-28,4760000,전라북도 임실군
전라북도,임실군,기타,기타,0,0,0,0,0,0,0,0,0,0,0,0,0,0,0,0,6600,0,13200,0,환경보호과,063-640-2393,2020-06-28,4760000,전라북도 임실군
서울특별시,강서구,사업장용,납부필증,0,0,0,0,700,0,0,1400,0,0,0,3500,0,0,0,0,8400,0,16800,0,자원순환과,02-2600-4062,2020-07-01,3150000,서울특별시 강서구
광주광역시,북구,단독주택,납부필증,0,0,210,0,0,420,0,0,0,0,0,0,0,0,0,0,0,0,0,0,청소행정과,062-410-6511,2020-06-21,3620000,광주광역시 북구
광주광역시,북구,사업장용,납부필증,0,0,0,0,0,660,0,0,0,2200,0,0,0,0,0,0,6600,0,13200,0,청소행정과,062-410-6511,2020-06-21,3620000,광주광역시 북구
서울특별시,양천구,사업장용/기타,납부필증,0,0,0,0,700,0,0,1400,0,0,0,3500,0,0,0,0,8400,0,16800,0,청소행정과,02-2620-3441,2020-06-24,3140000,서울특별시 양천구
충청남도,태안군,공동주택,기타,0,0,90,0,130,0,0,0,0,550,0,0,0,0,0,0,1560,0,3120,0,환경산림과,041-670-2795,2020-06-23,4620000,충청남도 태안군
충청남도,태안군,사업장용,기타,0,0,0,0,0,0,0,0,0,2400,0,0,0,0,0,0,7200,0,14400,0,환경산림과,041-670-2795,2020-06-23,4620000,충청남도 태안군
충청북도,괴산군,사업장용,전용용기,0,0,0,0,0,0,0,0,0,0,0,0,0,0,0,0,1920,0,3840,0,환경수도사업소,043-830-3623,2020-06-19,4460000,충청북도 괴산군
부산광역시,강서구,단독주택,납부필증,0,0,240,0,400,0,0,0,0,2000,0,0,0,0,0,0,0,0,12000,0,청소행정과,051-970-4434,2020-06-23,3360000,부산광역시 강서구
경상남도,남해군,단독주택,전용용기,0,0,0,0,120,0,0,0,0,0,0,0,0,0,0,0,0,0,0,0,환경녹지과,055-860-3279,2020-06-22,5430000,경상남도 남해군
경상북도,포항시 남구,공동주택,납부필증,0,0,0,0,270,0,0,0,0,1100,0,0,0,0,0,0,3300,0,6600,0,환경사업팀,054-280-9510,2020-03-24,B552865,포항시시설관리공단
충청남도,논산시,기타,기타,0,0,70,0,120,0,0,240,0,480,0,0,0,0,0,0,1440,0,2880,0,환경과,041-746-5533,2020-07-01,4540000,충청남도 논산시
전라남도,담양군,단독주택,납부필증,0,0,0,0,160,0,0,0,0,610,0,0,0,0,0,0,0,0,0,0,생태환경과,061-380-3076,2020-07-10,4850000,전라남도 담양군
경상남도,김해시,기타,기타,0,0,120,0,200,0,0,400,0,800,0,0,0,0,1600,0,0,0,4800,0,청소행정과,055-330-3407,2020-06-30,5350000,경상남도 김해시
광주광역시,동구,단독주택,스티커,0,0,210,0,0,420,0,0,0,0,0,0,0,0,0,0,0,0,0,0,환경청소과,062-608-2522,2020-07-08,6290000,광주광역시
광주광역시,동구,소형음식점,스티커,0,0,0,0,0,0,0,0,0,2200,0,0,0,0,0,0,0,0,0,0,환경청소과,062-608-2522,2020-07-08,6290000,광주광역시
광주광역시,서구,단독주택,스티커,0,0,210,0,0,420,0,0,0,0,0,0,0,0,0,0,0,0,0,0,청소행정과,062-360-7323,2020-07-08,6290000,광주광역시
광주광역시,서구,소형음식점,스티커,0,0,0,0,0,660,0,0,1650,0,0,0,0,0,0,0,0,0,13200,0,청소행정과,062-360-7323,2020-07-08,6290000,광주광역시
광주광역시,남구,단독주택,스티커,0,0,210,0,0,420,0,0,0,0,0,0,0,0,0,0,0,0,0,0,환경생태과,062-607-3633,2020-07-08,6290000,광주광역시
광주광역시,남구,소형음식점,스티커,0,0,0,0,0,660,0,0,0,2200,0,0,0,0,0,0,0,0,13200,0,환경생태과,062-607-3633,2020-07-08,6290000,광주광역시
광주광역시,북구,단독주택,스티커,0,0,210,0,0,420,0,0,0,0,0,0,0,0,0,0,0,0,0,0,청소행정과,062-410-6522,2020-07-08,6290000,광주광역시
광주광역시,북구,소형음식점,스티커,0,0,0,0,0,660,0,0,0,2200,0,0,0,0,0,0,6600,0,13200,0,청소행정과,062-410-6522,2020-07-08,6290000,광주광역시
광주광역시,광산구,단독주택,스티커,0,0,210,0,0,420,0,0,0,0,0,0,0,0,0,0,0,0,0,0,청소행정과,062-960-8477,2020-07-08,6290000,광주광역시
광주광역시,광산구,소형음식점,스티커,0,0,0,0,0,660,0,0,1650,0,0,0,0,0,0,0,0,0,0,0,청소행정과,062-960-8477,2020-07-08,6290000,광주광역시
충청남도,공주시,단독주택,기타,0,0,0,0,170,0,0,0,0,0,0,850,0,0,0,0,0,0,0,4070,자원순환과,041-840-8573,2020-07-07,4500000,충청남도 공주시
대전광역시,중구,단독주택,납부필증,0,0,180,0,300,0,0,0,0,1200,0,0,0,0,0,0,0,0,7200,0,환경과,042-606-7312,2020-07-01,3650000,대전광역시 중구
대전광역시,중구,공동주택,납부필증,0,0,180,0,300,0,0,0,0,1200,0,0,0,0,0,0,0,0,7200,0,환경과,042-606-7312,2020-07-01,3650000,대전광역시 중구
전라북도,군산시,단독주택,납부필증,0,0,0,0,250,0,0,0,0,0,0,0,0,0,0,0,0,0,0,0,자원순환과,063-454-3463,2020-06-29,4670000,전라북도 군산시
경상남도,거제시,사업장용,납부필증,0,0,0,0,220,0,0,0,660,0,0,1100,0,0,0,0,2640,0,5280,0,자원순환과,055-639-4836,2020-06-16,5370000,경상남도 거제시
서울특별시,성동구,공동주택,납부필증,0,0,0,0,0,0,0,0,0,0,0,0,0,0,0,0,0,0,12000,0,청소행정과,02-2286-5542,2020-06-18,3030000,서울특별시 성동구
서울특별시,성동구,사업장용,납부필증,0,0,0,0,700,0,0,1400,0,0,0,3500,0,0,0,0,8400,0,16800,0,청소행정과,02-2286-5542,2020-06-18,3030000,서울특별시 성동구
충청남도,청양군,단독주택,납부필증,0,0,0,0,100,0,0,0,0,400,0,0,0,0,0,0,0,0,2400,0,환경보호과,041-940-2254,2020-05-28,4590000,충청남도 청양군
강원도,동해시청,단독주택,납부필증,0,0,0,0,150,0,0,0,0,0,0,0,0,0,0,0,0,0,0,0,환경과,033-530-2153,2020-06-11,4210000,강원도 동해시
대전광역시,대덕구,단독주택,납부필증,0,0,180,0,300,0,0,0,0,1200,0,0,0,0,0,0,0,0,7200,0,기후환경과,042-608-6843,2020-04-30,3680000,대전광역시 대덕구
대전광역시,대덕구,기타,납부필증,0,0,180,0,300,0,0,0,0,1200,0,0,0,0,0,0,0,0,7200,0,기후환경과,042-608-6843,2020-04-30,3680000,대전광역시 대덕구
경기도,의정부시,공동주택,납부필증,0,0,0,0,0,0,0,0,0,0,0,0,0,0,0,0,0,0,4090,0,자원순환과,031-828-2994,2020-06-01,3820000,경기도 의정부시
경기도,시흥시,공동주택,납부필증,0,0,150,0,250,0,0,500,0,1000,0,0,0,0,0,0,3000,0,6000,0,청소행정과,031-310-2364,2020-06-02,4010000,경기도 시흥시
서울특별시,중랑구,공동주택용,납부필증,0,0,0,0,0,0,0,0,0,0,0,0,0,0,0,0,0,0,12000,0,청소행정과,2094-1930,2020-06-01,3060000,서울특별시 중랑구
서울특별시,중랑구,사업장용,납부필증,0,0,0,0,700,0,0,1400,0,0,0,3500,0,0,0,0,0,0,16800,0,청소행정과,2094-1930,2020-06-01,3060000,서울특별시 중랑구
전라북도,장수군,단독주택,RFID,0,0,70,0,90,0,0,0,0,0,0,0,0,0,0,0,0,0,0,0,장수읍,063-350-1215,2020-06-02,4750000,전라북도 장수군
전라북도,장수군,공동주택,RFID,0,0,70,0,90,0,0,0,0,0,0,0,0,0,0,0,0,0,0,0,장수읍,063-350-1215,2020-06-02,4750000,전라북도 장수군
전라북도,장수군,사업장용,RFID,0,0,70,0,90,0,0,0,0,0,0,0,0,0,0,0,0,0,0,0,장수읍,063-350-1215,2020-06-02,4750000,전라북도 장수군
전라북도,장수군,단독주택,RFID,0,0,70,0,90,0,0,0,0,0,0,0,0,0,0,0,0,0,0,0,산서면,063-350-1264,2020-06-02,4750000,전라북도 장수군
전라북도,장수군,공동주택,RFID,0,0,70,0,90,0,0,0,0,0,0,0,0,0,0,0,0,0,0,0,산서면,063-350-1264,2020-06-02,4750000,전라북도 장수군
전라북도,장수군,사업장용,RFID,0,0,70,0,90,0,0,0,0,0,0,0,0,0,0,0,0,0,0,0,산서면,063-350-1264,2020-06-02,4750000,전라북도 장수군
전라북도,장수군,단독주택,RFID,0,0,70,0,90,0,0,0,0,0,0,0,0,0,0,0,0,0,0,0,번암면,063-350-1312,2020-06-02,4750000,전라북도 장수군
전라북도,장수군,공동주택,RFID,0,0,70,0,90,0,0,0,0,0,0,0,0,0,0,0,0,0,0,0,번암면,063-350-1312,2020-06-02,4750000,전라북도 장수군
전라북도,장수군,사업장용,RFID,0,0,70,0,90,0,0,0,0,0,0,0,0,0,0,0,0,0,0,0,번암면,063-350-1312,2020-06-02,4750000,전라북도 장수군
전라북도,장수군,단독주택,RFID,0,0,70,0,90,0,0,0,0,0,0,0,0,0,0,0,0,0,0,0,장계면,063-350-1365,2020-06-02,4750000,전라북도 장수군
전라북도,장수군,공동주택,RFID,0,0,70,0,90,0,0,0,0,0,0,0,0,0,0,0,0,0,0,0,장계면,063-350-1365,2020-06-02,4750000,전라북도 장수군
전라북도,장수군,사업장용,RFID,0,0,70,0,90,0,0,0,0,0,0,0,0,0,0,0,0,0,0,0,장계면,063-350-1365,2020-06-02,4750000,전라북도 장수군
전라북도,장수군,단독주택,RFID,0,0,70,0,90,0,0,0,0,0,0,0,0,0,0,0,0,0,0,0,천천면,063-350-1411,2020-06-02,4750000,전라북도 장수군
전라북도,장수군,공동주택,RFID,0,0,70,0,90,0,0,0,0,0,0,0,0,0,0,0,0,0,0,0,천천면,063-350-1411,2020-06-02,4750000,전라북도 장수군
전라북도,장수군,사업장용,RFID,0,0,70,0,90,0,0,0,0,0,0,0,0,0,0,0,0,0,0,0,천천면,063-350-1411,2020-06-02,4750000,전라북도 장수군
전라북도,장수군,단독주택,RFID,0,0,70,0,90,0,0,0,0,0,0,0,0,0,0,0,0,0,0,0,계남면,063-350-1462,2020-06-02,4750000,전라북도 장수군
전라북도,장수군,공동주택,RFID,0,0,70,0,90,0,0,0,0,0,0,0,0,0,0,0,0,0,0,0,계남면,063-350-1462,2020-06-02,4750000,전라북도 장수군
전라북도,장수군,사업장용,RFID,0,0,70,0,90,0,0,0,0,0,0,0,0,0,0,0,0,0,0,0,계남면,063-350-1462,2020-06-02,4750000,전라북도 장수군
인천광역시,동구,사업장용,납부필증,0,0,0,0,0,0,0,0,0,1290,0,0,0,0,0,0,3850,0,7630,0,자원순환과,032-770-6422,2019-07-24,3500000,인천광역시 동구
인천광역시,동구,단독주택,납부필증,0,0,170,0,260,0,0,0,0,0,0,0,0,0,0,0,2810,0,5550,0,자원순환과,032-770-6422,2019-07-24,3500000,인천광역시 동구
경상남도,양산시,공동주택,납부필증,0,0,0,0,0,0,0,0,0,0,0,0,0,0,0,0,0,0,7850,0,자원순환과,055-392-2643,2020-06-02,5380000,경상남도 양산시
강원도,강릉시,기타,기타,0,50,80,0,110,0,0,230,0,440,0,0,0,0,0,0,0,0,0,0,자원순환과,033-640-4525,2020-07-03,4200000,강원도 강릉시
경상남도,통영시,단독주택,납부필증,0,0,120,0,200,0,0,400,0,800,0,0,0,0,1600,0,0,0,4800,0,자원순환과,055-650-1330,2020-06-29,5330000,경상남도 통영시
경상남도,통영시,공동주택,납부필증,0,0,120,0,200,0,0,400,0,800,0,0,0,0,1600,0,0,0,4800,0,자원순환과,055-650-1330,2020-06-29,5330000,경상남도 통영시
경상남도,통영시,사업장용,납부필증,0,0,120,0,200,0,0,400,0,800,0,0,0,0,1600,0,0,0,4800,0,자원순환과,055-650-1330,2020-06-29,5330000,경상남도 통영시
부산광역시,해운대구,단독주택,납부필증,0,0,240,0,400,0,0,0,0,2000,0,0,0,0,0,0,0,0,12000,0,자원순환과,051-749-4434,2020-06-24,3330000,부산광역시 해운대구
부산광역시,해운대구,단독주택,전용용기,0,0,6500,0,7000,0,0,0,0,16000,0,0,0,0,0,0,0,0,55000,0,자원순환과,051-749-4434,2020-06-24,3330000,부산광역시 해운대구
경상북도,영천시,단독주택,전용용기,0,0,0,0,150,0,0,0,0,0,0,0,0,0,0,0,0,0,0,0,자원순환과,054-330-6193,2020-06-22,5100000,경상북도 영천시
경상북도,영천시,사업장용,전용용기,0,0,0,0,0,0,0,0,0,600,0,0,0,0,0,0,0,0,0,0,자원순환과,054-330-6193,2020-06-22,5100000,경상북도 영천시
광주광역시,동구,기타,납부필증,0,0,0,0,0,0,0,0,0,1310,0,0,0,0,0,0,0,0,0,0,환경청호과,062-608-2522,2020-02-12,3590000,광주광역시 동구
경기도,이천시,단독주택,기타,50,0,110,0,180,0,0,350,0,700,0,0,0,0,0,1750,0,0,0,0,자원관리과,031-644-2602,2020-02-12,4070000,경기도 이천시
경기도,이천시,공동주택,기타,50,0,110,0,180,0,0,350,0,700,0,0,0,0,0,1750,0,0,0,0,자원관리과,031-644-2602,2020-02-12,4070000,경기도 이천시
제주특별자치도,서귀포시,공동주택,기타,33,66,99,132,165,198,231,330,495,660,726,825,858,990,1320,1650,1980,2310,3960,6600,생활환경과,064-760-2931,2019-09-20,6520000,제주특별자치도 서귀포시
제주특별자치도,서귀포시,단독주택,기타,33,66,99,132,165,198,231,330,495,660,726,825,858,990,1320,1650,1980,2310,3960,6600,생활환경과,064-760-2931,2019-09-20,6520000,제주특별자치도 서귀포시
전라북도,장수군,단독주택,RFID,0,0,70,0,90,0,0,0,0,0,0,0,0,0,0,0,0,0,0,0,계북면,063-350-1513,2020-06-02,4750000,전라북도 장수군
전라북도,장수군,공동주택,RFID,0,0,70,0,90,0,0,0,0,0,0,0,0,0,0,0,0,0,0,0,계북면,063-350-1513,2020-06-02,4750000,전라북도 장수군
전라북도,장수군,사업장용,RFID,0,0,70,0,90,0,0,0,0,0,0,0,0,0,0,0,0,0,0,0,계북면,063-350-1513,2020-06-02,4750000,전라북도 장수군
대구광역시,달서구,단독주택,납부필증,0,80,120,0,200,0,0,0,0,810,0,0,0,0,0,0,0,0,4880,0,청소과,053-667-2722,2020-05-31,3470000,대구광역시 달서구
대구광역시,달서구,사업장용,납부필증,0,0,0,0,0,0,0,0,0,810,0,0,0,0,0,0,0,0,4880,0,청소과,053-667-2722,2020-05-31,3470000,대구광역시 달서구
대구광역시,달서구,공동주택,납부필증,0,0,0,0,0,0,0,0,0,0,0,0,0,0,0,0,0,0,4880,0,청소과,053-667-2722,2020-05-31,3470000,대구광역시 달서구
대구광역시,동구,단독주택,전용용기,0,0,0,160,0,0,0,0,0,810,0,0,0,0,0,0,0,0,4880,0,환경녹색과,053-662-2722,2020-05-27,3420000,대구광역시 동구
강원도,원주시,단독주택,납부필증,0,0,100,0,170,0,0,320,0,680,0,0,0,0,0,0,0,0,0,0,생활자원과,033-737-3084,2020-05-27,4190000,강원도 원주시
전라북도,부안군,단독주택,납부필증,0,0,80,0,150,0,0,250,0,500,0,0,0,700,0,1200,0,0,0,0,부안군청 환경과,063-580-4357,2020-05-25,4790000,전라북도 부안군
전라북도,부안군,공동주택,납부필증,0,0,80,0,150,0,0,250,0,500,0,0,0,700,0,1200,0,0,0,0,부안군청 환경과,063-580-4357,2020-05-25,4790000,전라북도 부안군
전라북도,부안군,사업장용,납부필증,0,0,80,0,150,0,0,250,0,500,0,0,0,700,0,1200,0,0,0,0,부안군청 환경과,063-580-4357,2020-05-25,4790000,전라북도 부안군
전라북도,부안군,기타,납부필증,0,0,80,0,150,0,0,250,0,500,0,0,0,700,0,1200,0,0,0,0,부안군청 환경과,063-580-4357,2020-05-25,4790000,전라북도 부안군
울산광역시,남구,단독주택,납부필증,0,0,0,0,300,0,0,0,0,1200,0,0,0,0,0,0,3600,0,0,0,환경관리과,052-226-4821,2020-05-11,3700000,울산광역시 남구
울산광역시,남구,공동주택,납부필증,0,0,0,0,300,0,0,0,0,1200,0,0,0,0,0,0,3600,0,0,0,환경관리과,052-226-4821,2020-05-11,3700000,울산광역시 남구
울산광역시,남구,사업장용,납부필증,0,0,0,0,0,0,0,0,0,2400,0,0,0,0,0,0,7200,0,0,0,환경관리과,052-226-4821,2020-05-11,3700000,울산광역시 남구
서울특별시,동대문구,공동주택,납부필증,0,0,0,0,0,0,0,0,0,0,0,0,0,0,0,0,0,0,12000,0,청소행정과,02-2127-4733,2020-04-21,3050000,서울특별시 동대문구
서울특별시,동대문구,사업장용,납부필증,0,0,0,0,700,0,0,1400,0,0,0,3500,0,0,0,0,8400,0,16800,0,청소행정과,02-2127-4733,2020-04-21,3050000,서울특별시 동대문구
경기도,김포시,기타,전용용기,0,50,100,0,160,0,0,320,0,650,0,0,0,0,0,0,0,0,0,0,자원순환과,031-980-2765,2020-01-01,4090000,경기도 김포시
경기도,군포시,공동주택,납부필증,0,0,0,0,0,0,0,0,0,0,0,0,0,0,0,0,3000,0,6000,0,청소행정과,031-390-0353,2020-04-30,4020000,경기도 군포시
경기도,군포시,공동주택,기타,50,0,0,0,0,0,0,0,0,0,0,0,0,0,0,0,0,0,0,0,청소행정과,031-390-0353,2020-04-30,4020000,경기도 군포시
경기도,군포시,사업장용,납부필증,0,0,0,0,0,0,0,0,0,0,0,0,0,0,0,0,0,0,0,0,청소행정과,031-390-0353,2020-04-30,4020000,경기도 군포시
경기도,군포시,단독주택,납부필증,0,0,150,0,250,0,0,0,0,1600,0,0,0,0,0,0,0,0,0,0,청소행정과,031-390-0353,2020-04-30,4020000,경기도 군포시
충청북도,충주시,기타,납부필증,0,0,100,0,140,0,0,250,0,470,0,0,0,0,0,0,0,0,0,0,자원순환과,043-850-6922,2020-04-30,4390000,충청북도 충주시
부산광역시,북구,단독주택,납부필증,0,0,240,0,400,0,0,0,0,2000,0,0,0,0,0,0,0,0,0,0,청소행정과,051-309-4455,2020-04-22,3320000,부산광역시 북구
부산광역시,북구,공동주택,기타,0,0,0,0,0,0,0,0,0,0,0,0,0,0,0,0,0,0,8400,0,청소행정과,051-309-4455,2020-04-22,3320000,부산광역시 북구
부산광역시,북구,사업장용,납부필증,0,0,0,0,0,0,0,0,0,0,0,0,0,0,0,0,0,0,12000,0,청소행정과,051-309-4455,2020-04-22,3320000,부산광역시 북구
인천광역시,계양구,공동주택,납부필증,0,0,0,0,0,0,0,0,0,0,0,0,0,0,0,0,3600,0,7200,0,청소행정과,032-450-5454,2020-04-14,3550000,인천광역시 계양구
서울특별시,성북구,공동주택,납부필증(스티커),0,0,0,0,0,0,0,0,0,0,0,0,0,0,0,0,0,0,12000,0,청소행정과,02-2241-4412,2020-04-13,3070000,서울특별시 성북구
서울특별시,성북구,음식점,납부필증(스티커),0,0,0,0,700,0,0,1400,0,2800,0,0,0,0,0,0,8400,0,16800,0,청소행정과,02-2241-4412,2020-04-13,3070000,서울특별시 성북구
경상남도,남해군,공동주택,전용용기,0,0,0,0,0,0,0,0,0,0,0,0,0,0,0,0,1500,0,2700,0,환경녹지과,055-860-3279,2020-06-22,5430000,경상남도 남해군
경상남도,남해군,사업장용,전용용기,0,0,0,0,0,0,0,0,0,0,0,0,0,0,0,0,3000,0,5400,0,환경녹지과,055-860-3279,2020-06-22,5430000,경상남도 남해군
경상남도,거제시,단독주택,납부필증,0,0,0,0,220,0,0,0,660,0,0,1100,0,0,0,0,2640,0,5280,0,자원순환과,055-639-4836,2020-06-16,5370000,경상남도 거제시
경상남도,거제시,공동주택,납부필증,0,0,0,0,220,0,0,0,660,0,0,1100,0,0,0,0,2640,0,5280,0,자원순환과,055-639-4836,2020-06-16,5370000,경상남도 거제시
경기도,수원시,"사업장용, 공동주택 일부",납부필증(스티커),0,0,0,0,0,0,0,0,0,0,0,0,0,0,0,0,3000,0,6000,0,청소자원과,031-228-2257,2020-03-31,3740000,경기도 수원시
경기도,수원시,사업장용,납부필증(칩),0,0,0,0,0,0,0,500,0,1000,0,0,0,0,0,0,0,0,0,0,청소자원과,031-228-2257,2020-03-31,3740000,경기도 수원시
서울특별시,중구,공동주택,납부필증,0,0,0,0,0,0,0,0,0,0,0,0,0,0,0,0,0,0,12000,20000,청소행정과,02-3396-5463,2018-12-04,3010000,서울특별시 중구
서울특별시,중구,사업장용,납부필증,0,0,0,0,700,0,0,1400,0,2800,0,3500,0,0,5600,0,8400,0,16800,0,청소행정과,02-3396-5463,2018-12-04,3010000,서울특별시 중구
광주광역시,남구,단독주택,납부필증,0,0,210,0,0,420,0,0,0,0,0,0,0,0,0,0,0,0,0,0,환경생태과,062-607-3632,2020-03-11,3610000,광주광역시 남구
광주광역시,남구,사업장용,납부필증,0,0,0,0,0,660,0,0,0,2200,0,0,0,0,0,0,0,0,0,0,환경생태과,062-607-3632,2020-03-11,3610000,광주광역시 남구
부산광역시,사상구,단독주택,납부필증,0,0,240,0,400,0,0,0,0,2000,0,0,0,0,0,0,0,0,12000,0,청소행정과,051-310-4451,2020-03-18,3390000,부산광역시 사상구
경기도,고양시,단독주택,납부필증,0,0,120,0,180,0,0,0,0,710,0,0,0,0,0,0,0,0,4130,0,자원순환과,031-8075-2698,2020-03-01,3940000,경기도 고양시
광주광역시,서구,단독주택,납부필증,0,0,210,0,0,420,0,0,0,0,0,0,0,0,0,0,0,0,0,0,청소행정과,062-360-7323,2020-03-12,3600000,광주광역시 서구
광주광역시,서구,사업장용,납부필증,0,0,0,0,0,660,0,0,1650,0,0,0,0,0,0,0,0,0,13200,0,청소행정과,062-360-7323,2020-03-12,3600000,광주광역시 서구
부산광역시,기장군,공동주택,납부필증,0,0,90,0,150,0,0,0,0,750,0,0,0,0,0,0,0,0,4900,0,청소자원과,051-709-4454,2020-03-13,3400000,부산광역시 기장군
부산광역시,기장군,단독주택,납부필증,0,0,90,0,150,0,0,0,0,750,0,0,0,0,0,0,0,0,4900,0,청소자원과,051-709-4454,2020-03-13,3400000,부산광역시 기장군
부산광역시,기장군,사업장용,납부필증,0,0,90,0,150,0,0,0,0,750,0,0,0,0,0,0,0,0,4900,0,청소자원과,051-709-4454,2020-03-13,3400000,부산광역시 기장군
서울특별시,용산구,공동주택,납부필증,0,0,0,0,0,0,0,0,0,0,0,0,0,0,0,0,0,0,12000,0,자원순환과,02-2199-7313,2020-03-03,3020000,서울특별시 용산구
서울특별시,용산구,사업장용,납부필증,0,0,0,0,700,0,0,1400,0,0,0,3500,0,0,5600,0,8400,0,16800,0,자원순환과,02-2199-7313,2020-03-03,3020000,서울특별시 용산구
충청남도,아산시,기타,기타,0,0,55,0,91,0,0,0,0,319,0,0,0,0,0,0,957,0,1913,0,아산시시설관리공단 환경시설팀,041-538-1921,2020-03-03,B553452,아산시시설관리공단
서울특별시,송파구,단독주택,납부필증,100,200,300,0,500,0,0,0,0,2000,0,0,0,0,0,0,0,7000,12000,0,자원순환과,02-2147-2840,2020-02-17,3230000,서울특별시 송파구
서울특별시,송파구,사업장용,납부필증,0,0,0,0,700,0,0,1400,0,2800,0,0,0,0,0,0,0,9800,16800,0,자원순환과,02-2147-2840,2020-02-17,3230000,서울특별시 송파구
대전광역시,동구,단독주택,납부필증,0,0,180,0,300,0,0,0,0,1200,0,0,0,0,0,0,0,0,7200,0,환경과,042-251-4574,2020-02-24,3640000,대전광역시 동구
대전광역시,동구,공동주택,납부필증,0,0,180,0,300,0,0,0,0,1200,0,0,0,0,0,0,0,0,7200,0,환경과,042-251-4574,2020-02-24,3640000,대전광역시 동구
대전광역시,동구,사업장용,납부필증,0,0,180,0,300,0,0,0,0,1200,0,0,0,0,0,0,0,0,7200,0,환경과,042-251-4574,2020-02-24,3640000,대전광역시 동구
대전광역시,동구,기타,납부필증,0,0,180,0,300,0,0,0,0,1200,0,0,0,0,0,0,0,0,7200,0,환경과,042-251-4574,2020-02-24,3640000,대전광역시 동구
서울특별시,은평구,사업장용,납부필증,140,0,0,0,700,0,0,1400,0,2800,0,0,0,0,0,0,8400,0,16800,0,자원순환과,02-351-7593,2020-01-01,3110000,서울특별시 은평구
서울특별시,은평구,공동주택,납부필증,100,0,0,0,0,0,0,0,0,0,0,0,0,0,0,0,6000,0,12000,0,자원순환과,02-351-7593,2020-01-01,3110000,서울특별시 은평구
광주광역시,동구,단독주택,납부필증,0,0,130,0,0,260,0,0,0,0,0,0,0,0,0,0,0,0,0,0,환경청소과,062-608-2522,2020-02-12,3590000,광주광역시 동구
경기도,양주시,공동주택,납부필증,0,0,0,0,0,0,0,0,0,0,0,0,0,0,0,0,0,0,11040,0,양주시 청소행정과,031-8082-6922,2020-04-01,5590000,경기도 양주시
경기도,광주시,공동주택,납부필증,0,0,0,0,0,0,0,0,0,0,0,0,0,0,0,0,0,0,5078,0,자원순환과,031-760-4543,2020-04-07,5540000,경기도 광주시
경기도,광주시,공동주택,납부필증,0,0,0,0,0,0,0,0,0,0,0,0,0,0,0,0,0,0,5078,0,자원순환과,031-760-4543,2020-04-07,5540000,경기도 광주시
서울특별시,동작구,공동주택,납부필증,0,0,0,0,0,0,0,0,0,0,0,0,0,0,0,0,0,0,12000,0,청소행정과,02-820-9563,2017-11-13,3190000,서울특별시 동작구
경상북도,영덕군,기타,기타,0,0,0,0,0,0,0,0,0,0,0,0,0,0,0,0,0,0,0,0,환경위생과,054-730-6193,2019-09-19,5180000,경상북도 영덕군
전라남도,나주시,단독주택,납부필증,0,0,0,0,170,0,0,0,0,670,0,0,0,0,0,0,0,0,4000,0,청소자원과,061-339-8943,2019-09-26,4830000,전라남도 나주시
인천광역시,계양구,공동주택,전용용기,0,0,180,0,300,0,0,0,0,0,0,0,0,0,0,0,3600,0,7200,0,음식물자원화팀,032-450-5453,2020-02-01,B551295,인천광역시계양구시설관리공단
전라남도,장흥군,단독주택/공동주택/사업장용/기타,전용용기/납부필증/기타,0,70,0,0,130,0,0,240,0,460,0,0,0,0,0,0,0,0,2700,0,환경관리과,061-860-0347,2019-06-25,4910000,전라남도 장흥군
경기도,이천시,공동주택,기타,90,0,0,0,0,0,0,0,0,0,0,0,0,0,0,0,0,0,0,0,자원관리과,031-644-2602,2020-02-12,4070000,경기도 이천시
경기도,이천시,기타,기타,50,0,110,0,180,0,0,350,0,700,0,0,0,0,0,1750,0,0,0,0,자원관리과,031-644-2602,2020-02-12,4070000,경기도 이천시
부산광역시,사하구,단독주택,납부필증,0,0,240,0,400,0,0,0,0,0,0,0,0,0,0,0,0,0,0,0,자원순환과,051-220-4454,2020-01-20,3340000,부산광역시 사하구
부산광역시,사하구,공동주택,기타,0,0,0,0,0,0,0,0,0,0,0,0,0,0,0,0,0,0,8400,0,자원순환과,051-220-4454,2020-01-20,3340000,부산광역시 사하구
부산광역시,사하구,사업장용,납부필증,0,0,0,0,0,0,0,0,0,2000,0,0,0,0,0,0,6000,0,12000,0,자원순환과,051-220-4454,2020-01-20,3340000,부산광역시 사하구
부산광역시,수영구,단독주택,납부필증,0,0,240,0,400,0,0,0,0,0,0,0,0,0,0,0,0,0,0,0,자원순환과,051-610-4451,2020-01-14,3380000,부산광역시 수영구
부산광역시,수영구,사업장용,납부필증,0,0,0,0,0,0,0,0,0,2000,0,0,0,0,0,0,0,0,0,0,자원순환과,051-610-4451,2020-01-14,3380000,부산광역시 수영구
부산광역시,수영구,공동주택,납부필증,0,0,0,0,0,0,0,0,0,0,0,0,0,2100,0,0,0,0,8400,0,자원순환과,051-610-4451,2020-01-14,3380000,부산광역시 수영구
경상북도,포항시,기타,납부필증,0,0,0,0,270,0,0,0,0,1100,0,0,0,0,0,0,3300,0,6600,0,자원순환과,054-270-3195,2020-01-06,5020000,경상북도 포항시
강원도,홍천군,일반음식점,칩,0,0,70,0,120,0,0,230,0,450,0,0,0,0,0,0,0,0,0,0,환경위생과,033-430-2631,2019-12-16,4250000,강원도 홍천군
충청남도,예산군,공동주택/소형음식점/기타,전용용기,0,0,0,0,0,0,0,0,0,0,0,0,0,0,0,0,1200,0,2400,0,환경과,041-339-7523,2019-12-10,4610000,충청남도 예산군
서울특별시,영등포구,사업장용,납부필증,0,0,0,0,700,0,0,1400,0,2800,0,0,0,0,5600,0,8400,0,16800,0,청소과,02-2670-3436,2019-11-26,3180000,서울특별시 영등포구
대구광역시,북구,"단독주택, 상가",납부필증,0,80,120,0,200,0,0,0,0,810,0,0,0,0,0,0,0,0,4880,0,자원순환과,053-665-2721,2019-11-01,3450000,대구광역시 북구
경기도,시흥시,단독주택,납부필증,0,0,90,0,150,0,0,300,0,600,0,0,0,0,0,0,0,0,0,0,환경사업팀,031-488-6894,2019-10-23,B554066,시흥도시공사
경기도,시흥시,단독주택,납부필증,0,0,82,0,137,0,0,273,0,546,0,0,0,0,0,0,0,0,0,0,환경사업팀,031-488-6894,2019-10-23,B554066,시흥도시공사
경기도,시흥시,공동주택,납부필증,0,0,0,0,0,0,0,0,0,0,0,0,0,0,0,0,0,0,3600,0,환경사업팀,031-488-6894,2019-10-23,B554066,시흥도시공사
경기도,시흥시,공동주택,납부필증,0,0,0,0,0,0,0,0,0,0,0,0,0,0,0,0,0,0,3276,0,환경사업팀,031-488-6894,2019-10-23,B554066,시흥도시공사
경기도,시흥시,사업장용,납부필증,0,0,0,0,0,0,0,500,0,1000,0,0,0,0,0,0,3000,0,0,0,환경사업팀,031-488-6894,2019-10-23,B554066,시흥도시공사
경기도,시흥시,사업장용,납부필증,0,0,0,0,0,0,0,455,0,910,0,0,0,0,0,0,2730,0,0,0,환경사업팀,031-488-6894,2019-10-23,B554066,시흥도시공사
경상남도,함양군,공동주택,기타,0,0,0,0,0,0,0,0,0,0,0,0,0,0,0,0,1200,0,2400,0,환경위생과,055-960-5263,2019-09-27,5460000,경상남도 함양군
경상남도,함양군,사업장용,기타,0,0,0,0,0,0,0,0,0,0,0,0,0,0,0,0,1200,0,2400,0,환경위생과,055-960-5263,2019-09-27,5460000,경상남도 함양군
