허가구역명,장소유형,시도명,시군구명,소재지도로명주소,소재지지번주소,위도,경도,푸드트럭운영대수,허가구역사용료,허가구역운영시작일자,허가구역운영종료일자,허가구역휴무일,허가구역평일운영시작시각,허가구역평일운영종료시각,허가구역주말운영시작시각,허가구역주말운영종료시각,1월운영시작시각,1월운영종료시각,2월운영시작시각,2월운영종료시각,3월운영시작시각,3월운영종료시각,4월운영시작시각,4월운영종료시각,5월운영시작시각,5월운영종료시각,6월운영시작시각,6월운영종료시각,7월운영시작시각,7월운영종료시각,8월운영시작시각,8월운영종료시각,9월운영시작시각,9월운영종료시각,10월운영시작시각,10월운영종료시각,11월운영시작시각,11월운영종료시각,12월운영시작시각,12월운영종료시각,판매제한품목,관리기관명,관리기관전화번호,데이터기준일자,제공기관코드,제공기관명
완산쳬련공원,03,13,전주시 완산구,전라북도 전주시 완산구 모악산자락길 22(중인동),전라북도 전주시 완산구 중인동 361-1,35.7674452,127.1015490,1,"월 55,000원",2018-10-15,2019-10-14,연중무휴,10:00,18:00,08:00,18:00,,,,,,,,,,,,,,,,,,,,,,,,,,전라북도 전주시시설관리공단 공원운영부,063-239-2568,2019-08-30,4640000,전라북도 전주시
이월드,1,대구광역시,달서구,"대구광역시 달서구 두류공원로 200, 부메랑스낵 옆 (두류동)",대구광역시 달서구 두류동 산302-11,35.85485186,128.5648168,1,이월드 자체운영,2020-01-02,2020-12-31,연중무휴,10:00,22:00,10:00,22:00,,,,,,,,,,,,,,,,,,,,,,,,,,달서구청,053-667-3761,2020-07-14,3470000,대구광역시 달서구
이월드,1,대구광역시,달서구,"대구광역시 달서구 두류공원로 200, 부메랑스낵 옆 (두류동)",대구광역시 달서구 두류동 산302-11,35.85485186,128.5648168,1,이월드 자체운영,2020-01-02,2020-12-31,연중무휴,10:00,22:00,10:00,22:00,,,,,,,,,,,,,,,,,,,,,,,,,,달서구청,053-667-3761,2020-07-14,3470000,대구광역시 달서구
여주종합운동장,03,경기도,여주시,경기도 여주시 영릉로 123,경기도 여주시 월송동 1,37.2932681617,127.6244654221,1,0,2016-04-01,2019-03-31,연중무휴,00:00,00:00,00:00,00:00,,,,,,,,,,,,,,,,,,,,,,,,,,여주시,031-887-2654,2020-07-17,5700000,경기도 여주시
여주프리미엄아울렛,99,경기도,여주시,경기도 여주시 명품로 360,경기도 여주시 상거동 460,37.2459480522,127.6123847586,10,0,2018-06-01,2018-08-31,계약일,00:00,00:00,00:00,00:00,,,,,,,,,,,,,,,,,,,,,,,,,,여주시,031-887-2654,2020-07-17,5700000,경기도 여주시
375st 여주아울렛,99,경기도,여주시,경기도 여주시 명품로 308-19,경기도 여주시 상거동 375-63,37.2430186886,127.6164003230,3,0,2018-07-21,2018-08-26,연중무휴,00:00,00:00,00:00,00:00,,,,,,,,,,,,,,,,,,,,,,,,,,여주시,031-887-2654,2020-07-17,5700000,경기도 여주시
우포늪생태공원,2,경상남도,창녕군,,경상남도 창녕군 유어면 세진리 251-1,35.544126,128.417684,1,0,2020-01-01,2020-12-31,없음,09:00,22:00,09:00,22:00,09:00,20:00,09:00,20:00,09:00,22:00,09:00,22:00,09:00,22:00,09:00,22:00,09:00,22:00,09:00,22:00,09:00,22:00,09:00,22:00,09:00,22:00,09:00,20:00,허가품목 외,창녕군청,055-530-1094,2020-07-17,5410000,경상남도 창녕군
남지읍수변생태공원,5,경상남도,창녕군,,경상남도 창녕군 남지읍 남지리 835-16,35.384883,128.474111,3,0,2020-01-01,2020-12-31,없음,09:00,22:00,09:00,22:00,09:00,20:00,09:00,20:00,09:00,22:00,09:00,22:00,09:00,22:00,09:00,22:00,09:00,22:00,09:00,22:00,09:00,22:00,09:00,22:00,09:00,22:00,09:00,20:00,허가품목 외,창녕군청,055-530-1094,2020-07-17,5410000,경상남도 창녕군
오송역(서광장),8,충청북도,청주시흥덕구,충청북도 청주시 흥덕구 오송읍 오송가락로 123 (오송역 서광장),충청북도 청주시 흥덕구 오송읍 봉산리 370-31,36.62047366,127.3271421,1,월원,2016-10-07,2100-12-31,0,10:00,20:00,10:00,20:00,,,,,,,,,,,,,,,,,,,,,,,,,,청주시흥덕구청,043-201-1972,2020-07-16,5710000,충청북도 청주시
청주시차량등록사업소,8,충청북도,청주시흥덕구,"충청북도 청주시 흥덕구 무심서로 857, 청주시차량등록사업소 1층 (신봉동)",충청북도 청주시 흥덕구 신봉동 491,36.6637458,127.4658131,1,"연210,000원",2018-03-01,2023-02-28,0,10:00,20:00,10:00,20:00,,,,,,,,,,,,,,,,,,,,,,,,,,청주시흥덕구청,043-201-1972,2020-07-16,5710000,충청북도 청주시
오송역(오송화장품뷰티산업엑스포),8,충청북도,청주시흥덕구,"충청북도 청주시 흥덕구 오송읍 오송가락로 123, 오송역 일원동",충청북도 청주시 흥덕구 오송읍 봉산리 370-31,36.62047366,127.3271421,1,월원,2018-10-18,2100-12-31,0,10:00,20:00,10:00,20:00,,,,,,,,,,,,,,,,,,,,,,,,,,청주시흥덕구청,043-201-1972,2020-07-16,5710000,충청북도 청주시
롯데아울렛청주,99,충청북도,청주시흥덕구,"충청북도 청주시 흥덕구 2순환로 1004, 롯데아울렛 청주점 1층 정문광장호 (비하동)",충청북도 청주시 흥덕구 비하동 811,36.64517411,127.4216417,1,월원,2019-02-08,2020-05-31,0,10:00,20:00,10:00,20:00,,,,,,,,,,,,,,,,,,,,,,,,,,청주시흥덕구청,043-201-1972,2020-07-16,5710000,충청북도 청주시
낙동강하천공원주차장,5,경상남도,창녕군,,경상남도 창녕군 남지읍 용산리 160-2,35.394693,128.440563,1,0,2020-01-01,2020-12-31,없음,09:00,22:00,09:00,22:00,09:00,20:00,09:00,20:00,09:00,22:00,09:00,22:00,09:00,22:00,09:00,22:00,09:00,22:00,09:00,22:00,09:00,22:00,09:00,22:00,09:00,22:00,09:00,20:00,허가품목 외,창녕군청,055-530-1094,2020-07-17,5410000,경상남도 창녕군
부곡온천관광특구,2,경상남도,창녕군,,경상남도 창녕군 부곡면 거문리 723-2,35.441552,128.535214,1,0,2020-01-01,2020-12-31,없음,09:00,22:00,09:00,22:00,09:00,20:00,09:00,20:00,09:00,22:00,09:00,22:00,09:00,22:00,09:00,22:00,09:00,22:00,09:00,22:00,09:00,22:00,09:00,22:00,09:00,22:00,09:00,20:00,허가품목 외,창녕군청,055-530-1094,2020-07-17,5410000,경상남도 창녕군
우포 잠자리 나라,2,경상남도,창녕군,,경상남도 창녕군 이방면 안리 1360-1,35.566697,128.416936,1,0,2020-01-01,2020-12-31,없음,09:00,22:00,09:00,22:00,09:00,20:00,09:00,20:00,09:00,22:00,09:00,22:00,09:00,22:00,09:00,22:00,09:00,22:00,09:00,22:00,09:00,22:00,09:00,22:00,09:00,22:00,09:00,20:00,허가품목 외,창녕군청,055-530-1094,2020-07-17,5410000,경상남도 창녕군
고속도로 졸음쉼터,7,경기도,수정구,,경기도 성남시 수정구 수진동 산39-13,,,1,"월 300,000원",2019-10-19,2020-10-18,없음,08:00,19:00,08:00,19:00,08:00,19:00,08:00,19:00,08:00,19:00,08:00,19:00,08:00,19:00,08:00,19:00,08:00,19:00,08:00,19:00,08:00,19:00,08:00,19:00,08:00,19:00,08:00,19:00,,한국도로공사,02-2225-8425,2020-07-13,3780000,경기도 성남시
월오동(커피화이트),8,충청북도,청주시상당구,,충청북도 청주시 상당구 월오동 113-1,,,1,월원,2020-01-02,2020-12-31,0,10:00,20:00,10:00,20:00,,,,,,,,,,,,,,,,,,,,,,,,,,청주시상당구청,043-201-1972,2020-07-16,5710000,충청북도 청주시
문의면(청남대별장푸드),99,충청북도,청주시상당구,충청북도 청주시 상당구 문의면 회남문의로 1550,충청북도 청주시 상당구 문의면 괴곡리 266-1,36.50753393,127.5227567,1,월원,2019-04-15,2100-12-31,0,10:00,20:00,10:00,20:00,,,,,,,,,,,,,,,,,,,,,,,,,,청주시상당구청,043-201-1972,2020-07-16,5710000,충청북도 청주시
가덕면(흥부카페),99,충청북도,청주시상당구,,충청북도 청주시 상당구 가덕면 병암리 95-5,,,1,월원,2020-02-11,2024-05-31,0,10:00,20:00,10:00,20:00,,,,,,,,,,,,,,,,,,,,,,,,,,청주시상당구청,043-201-1972,2020-07-16,5710000,충청북도 청주시
옥도면 장자도리,8,전라북도,군산시,,전라북도 군산시 옥도면 장자도리 17,35.812323,126.397210,5,300000,2018-12-18,2021-03-31,연중무휴,09:00,22:00,09:00,22:00,,,,,,,,,,,,,,,,,,,,,,,,,,군산시,063-454-3425,2020-07-15,4670000,전라북도 군산시
화진포관광지,2,강원도,고성군,강원도 고성군 현내면 화진포길 412,강원도 고성군 현내면 초도리 94번지 2호,38.4813830234,128.4356988347,1,"129,800",2015-06-17,2021-07-10,연중무휴,09:00,18:00,09:00,18:00,09:00,18:00,09:00,18:00,09:00,18:00,09:00,18:00,09:00,18:00,09:00,18:00,09:00,18:00,09:00,18:00,09:00,18:00,09:00,18:00,09:00,18:00,09:00,18:00,,고성군 보건소,033-680-3954,2020-07-10,4340000,강원도 고성군
화진포관광지,2,강원도,고성군,강원도 고성군 거진읍 화진포길 280,강원도 고성군 거진읍 화포리 605번지,38.4725044072,128.4430193,1,없음,2015-10-27,2100-01-01,연중무휴,08:00,18:00,08:00,18:00,09:00,17:00,09:00,17:00,09:00,17:00,08:00,18:00,08:00,18:00,08:00,18:00,08:00,18:00,08:00,18:00,08:00,18:00,08:00,18:00,09:00,17:00,09:00,17:00,,고성군 보건소,033-680-3954,2020-07-10,4340000,강원도 고성군
기타장소,99,강원도,고성군,강원도 고성군 간성읍 건봉사로 330,강원도 고성군 간성읍 해상리 645번지,38.3873254512,128.4149482673,1,없음,2019-07-08,2100-01-01,연중무휴,11:00,21:00,11:00,21:00,11:00,21:00,11:00,21:00,11:00,21:00,11:00,21:00,11:00,21:00,11:00,21:00,11:00,21:00,11:00,21:00,11:00,21:00,11:00,21:00,11:00,21:00,11:00,21:00,,고성군 보건소,033-680-3954,2020-07-10,4340000,강원도 고성군
봉포리 상상마당,99,강원도,고성군,,강원도 고성군 토성면 봉포리 290번지 4호,38.2544524,128.5629057,1,없음,2020-04-29,2100-01-01,연중무휴,11:00,21:00,11:00,21:00,11:00,21:00,11:00,21:00,11:00,21:00,11:00,21:00,11:00,21:00,11:00,21:00,11:00,21:00,11:00,21:00,11:00,21:00,11:00,21:00,11:00,21:00,11:00,21:00,,고성군 보건소,033-680-3954,2020-07-10,4340000,강원도 고성군
봉포리 상상마당,99,강원도,고성군,,강원도 고성군 토성면 봉포리 290번지 1호,38.2602593,128.5413953,1,없음,2020-06-05,2100-01-01,연중무휴,11:00,21:00,11:00,21:00,11:00,21:00,11:00,21:00,11:00,21:00,11:00,21:00,11:00,21:00,11:00,21:00,11:00,21:00,11:00,21:00,11:00,21:00,11:00,21:00,11:00,21:00,11:00,21:00,,고성군 보건소,033-680-3954,2020-07-10,4340000,강원도 고성군
봉포리 상상마당,99,강원도,고성군,,강원도 고성군 토성면 봉포리 290번지 7호,38.2603941,128.5408803,1,없음,2020-06-15,2100-01-01,연중무휴,11:00,21:00,11:00,21:00,11:00,21:00,11:00,21:00,11:00,21:00,11:00,21:00,11:00,21:00,11:00,21:00,11:00,21:00,11:00,21:00,11:00,21:00,11:00,21:00,11:00,21:00,11:00,21:00,,고성군 보건소,033-680-3954,2020-07-10,4340000,강원도 고성군
북서울꿈의숲,4,서울특별시,강북구,서울특별시 강북구 월계로173,서울특별시 강북구 번동 83-2,37.6202556323,127.0443254123,2,"연 15,180",2018-11-12,2019-11-11,없음,17:00,21:00,09:00,22:00,,,,,,,,,,,,,,,,,,,,,,,,,,북서울꿈의숲,02-2289-4014,2020-06-12,3080000,서울특별시 강북구
은파호수공원내조경휴게소,2,전라북도,군산시,,전라북도 군산시 지곡동 417-1,35.945984,126.706025,1,6710,2015-10-23,2020-09-17,연중무휴,09:00,22:00,09:00,22:00,,,,,,,,,,,,,,,,,,,,,,,,,,군산시,063-454-3425,2020-07-15,4670000,전라북도 군산시
진포해양테마공원 내,8,전라북도,군산시,,전라북도 군산시 장미동 1-71,35.989698,126.714672,4,246400,2018-05-04,2019-05-03,월요일+화요일+수요일,16:00,22:00,16:00,22:00,,,,,,,,,,,,,,,,,,,,,,,,,,군산시,063-454-3425,2020-07-15,4670000,전라북도 군산시
송림테마거리,99,15,포항시,경상북도 포항시 남구 송도해안길,경상북도 포항시 남구 송도동 254-100,36.0369311787,129.3783556304,8,0,2018-05-05,2018-05-07,연중무휴,10:00,22:00,10:00,22:00,,,,,,,,,,,,,,,,,,,,,,,,,,포항시 남구청,054-270-6186,2019-08-02,5020000,경상북도 포항시
선린대학교,06,15,포항시,경상북도 포항시 북구 흥해읍 초곡리36번길 30,경상북도 포항시 북구 흥해읍 초곡리 146-1 선린대학교,36.0899403107,129.3326014958,1,0,2019-03-19,2020-03-10,연중무휴,10:00,22:00,10:00,22:00,,,,,,,,,,,,,,,,,,,,,,,,,,포항시 북구청,054-240-7184,2019-08-02,5020000,경상북도 포항시
칠포해수욕장,02,15,포항시,경상북도 포항시 북구 흥해읍 해안로,경상북도 포항시 북구 흥해읍 칠포리 197-20 칠포해수욕장 일원,36.1420294942,129.3920649276,1,0,2018-09-07,2019-09-09,연중무휴,10:00,22:00,10:00,22:00,,,,,,,,,,,,,,,,,,,,,,,,,,포항시 북구청,054-240-7184,2019-08-02,5020000,경상북도 포항시
영일대해수욕장,02,15,포항시,경상북도 포항시 북구 해안로,경상북도 포항시 북구 두호동 685-1 영일대해수욕장 제2주차장 또는 지정장소,36.1420294942,129.3920649276,5,0,2018-07-20,2018-10-13,연중무휴,10:00,22:00,10:00,22:00,,,,,,,,,,,,,,,,,,,,,,,,,,포항시 북구청,054-240-7184,2019-08-02,5020000,경상북도 포항시
포항대학교 학교주차장,06,15,포항시,경상북도 포항시 북구 흥해읍 신덕로 60,경상북도 포항시 북구 죽천리 산55,36.0864225949,129.4106957078,1,0,2018-04-05,2019-03-30,연중무휴,10:00,22:00,10:00,22:00,,,,,,,,,,,,,,,,,,,,,,,,,,포항시 북구청,054-240-7184,2019-08-02,5020000,경상북도 포항시
팔달문 차없는 거리 및 지동교,99,09,수원시,경기도 수원시 팔달구 팔달문로 9,경기도 수원시 팔달구 팔달로2가 48-1,37.277718,127.018472,18,42만원/년,2018-07-17,2019-12-31,없음,17:00,22:00,17:00,22:00,17:00,22:00,17:00,22:00,17:00,22:00,17:00,22:00,17:00,22:00,17:00,22:00,17:00,22:00,17:00,22:00,17:00,22:00,17:00,22:00,17:00,22:00,17:00,22:00,기선정메뉴+주류,수원시청,031-228-3269,2019-09-05,3740000,경기도 수원시
체육공원,4,12,홍성군,충청남도 홍성군 홍북읍 신경리 1557,충청남도 홍성군 홍북읍 신경리 1557,36.6486719788,126.6661287872,1,"연94,000원",2018-01-01,2020-12-31,연중무휴,00:00,23:59,00:00,23:59,00:00,23:59,00:00,23:59,00:00,23:59,00:00,23:59,00:00,23:59,00:00,23:59,00:00,23:59,00:00,23:59,00:00,23:59,00:00,23:59,00:00,23:59,00:00,23:59,,홍성군,041-630-9632,2019-09-25,4600000,충청남도 홍성군
홍예공원,4,12,홍성군,충청남도 홍성군 홍북읍 홍예공원로 38,충청남도 홍성군 홍북읍 신경리 886,36.65456294,126.6655067,1,"연94,000원",2018-01-01,2020-12-31,연중무휴,00:00,23:59,00:00,23:59,00:00,23:59,00:00,23:59,00:00,23:59,00:00,23:59,00:00,23:59,00:00,23:59,00:00,23:59,00:00,23:59,00:00,23:59,00:00,23:59,00:00,23:59,00:00,23:59,,홍성군,041-630-9632,2019-09-25,4600000,충청남도 홍성군
포항운전면허시험장,99,15,포항시,경상북도 포항시 남구 오천읍 냉천로 656,경상북도 포항시 남구 오천읍 문덕리 1036-6,35.9423187355,129.3929024188,0,0,2017-11-27,2018-11-01,연중무휴,10:00,22:00,10:00,22:00,,,,,,,,,,,,,,,,,,,,,,,,,,포항시 남구청,054-270-6186,2019-08-02,5020000,경상북도 포항시
포항종합공설운동장일대,03,15,포항시,경상북도 포항시 남구 희망대로 810(대도동),경상북도 포항시 남구 대도동 313-1,36.0083981310,129.3628911843,1,0,2017-11-12,2017-11-13,연중무휴,10:00,22:00,10:00,22:00,,,,,,,,,,,,,,,,,,,,,,,,,,포항시 남구청,054-270-6186,2019-08-02,5020000,경상북도 포항시
형산강변 연일대교 하단 일원,99,15,포항시,경상북도 포항시 남구 형산강남로,경상북도 포항시 남구 연일읍 생지리 459-3,36.0000678897,129.3460814314,0,0,2017-10-20,2017-10-22,연중무휴,10:00,22:00,10:00,22:00,,,,,,,,,,,,,,,,,,,,,,,,,,포항시 남구청,054-270-6186,2019-08-02,5020000,경상북도 포항시
백양공원,04,02,북구,부산광역시 북구 은행나무로 26,부산광역시 북구 만덕동 843,35.2072432019,129.037795495,1,년 141570,2017-04-01,2019-03-31,연중무휴,10:00,18:00,10:00,18:00,10:00,18:00,10:00,18:00,10:00,18:00,10:00,18:00,10:00,18:00,10:00,18:00,10:00,18:00,10:00,18:00,10:00,18:00,10:00,18:00,10:00,18:00,10:00,18:00,주류,부산광역시 북구,051-309-2051,2018-10-18,3320000,부산광역시 북구
롯데아울렛청주,99,충청북도,청주시흥덕구,"충청북도 청주시 흥덕구 2순환로 1004, 롯데아울렛 청주점 (비하동)",충청북도 청주시 흥덕구 비하동 811,36.64517411,127.4216417,1,월원,2019-07-12,2020-05-31,0,10:00,20:00,10:00,20:00,,,,,,,,,,,,,,,,,,,,,,,,,,청주시흥덕구청,043-201-1972,2020-07-16,5710000,충청북도 청주시
롯데아울렛청주,99,충청북도,청주시흥덕구,"충청북도 청주시 흥덕구 2순환로 1004, 롯데아울렛 청주점 광장 1층 (비하동)",충청북도 청주시 흥덕구 비하동 811,36.64517411,127.4216417,1,월원,2019-10-10,2020-05-31,0,10:00,20:00,10:00,20:00,,,,,,,,,,,,,,,,,,,,,,,,,,청주시흥덕구청,043-201-1972,2020-07-16,5710000,충청북도 청주시
롯데아울렛청주,99,충청북도,청주시흥덕구,"충청북도 청주시 흥덕구 2순환로 1004, 롯데아울렛 청주점 1층 정문광장호 (비하동)",충청북도 청주시 흥덕구 비하동 811,36.64517411,127.4216417,1,월원,2020-01-22,2020-05-31,0,10:00,20:00,10:00,20:00,,,,,,,,,,,,,,,,,,,,,,,,,,청주시흥덕구청,043-201-1972,2020-07-16,5710000,충청북도 청주시
롯데아울렛청주,99,충청북도,청주시흥덕구,"충청북도 청주시 흥덕구 2순환로 1004, 롯데아울렛 청주점 (비하동)",충청북도 청주시 흥덕구 비하동 811,36.64517411,127.4216417,1,월원,2020-05-07,2020-05-31,0,10:00,20:00,10:00,20:00,,,,,,,,,,,,,,,,,,,,,,,,,,청주시흥덕구청,043-201-1972,2020-07-16,5710000,충청북도 청주시
당항포관광지,02,경상남도,고성군,경상남도 고성군 회화면 당항만로 1116,경상남도 고성군 회화면 봉동리 950-1,35.0532261508,128.3920276219,1,0,2015-10-20,2018-10-19,연중무휴,09:00,18:00,09:00,18:00,,,,,,,,,,,,,,,,,,,,,,,,,,경상남도 고성군,055-670-4504,2020-07-10,5420000,경상남도 고성군
갈모봉산림욕장,99,경상남도,고성군,,경상남도 고성군 고성읍 이당리 653-2,34.976634,128.268569,1,0,2016-12-01,2018-11-30,연중무휴,09:00,18:00,09:00,18:00,,,,,,,,,,,,,,,,,,,,,,,,,,경상남도 고성군,055-670-2673,2020-07-10,5420000,경상남도 고성군
옥도면 장자도리,8,전라북도,군산시,,전라북도 군산시 옥도면 장자도리 산2-5,35.811805,126.398239,4,300000,2018-12-18,2021-03-31,연중무휴,09:00,22:00,09:00,22:00,,,,,,,,,,,,,,,,,,,,,,,,,,군산시,063-454-3425,2020-07-15,4670000,전라북도 군산시
서구문화회관,99,대구광역시,서구,대구광역시 서구 당산로 403,대구광역시 서구 이현동 48-144,35.8727916073,128.545535,1,0원,2018-03-28,2019-03-11,미공연 시,09:00,22:00,09:00,22:00,,,,,,,,,,,,,,,,,,,,,,,,,술,대구서구청,053-663-2774,2020-07-09,3430000,대구광역시 서구
서구문화회관,99,대구광역시,서구,대구광역시 서구 당산로 403,대구광역시 서구 이현동 48-144,35.8727916073,128.545535,1,0원,2018-03-12,2019-03-11,미공연 시,09:00,22:00,09:00,22:00,,,,,,,,,,,,,,,,,,,,,,,,,술,대구서구청,053-663-2774,2020-07-09,3430000,대구광역시 서구
구석기,2,경기도,연천군,,경기도 연천군 전곡읍 전곡리 189,38.01564928,127.0614528,1,0,2015-11-12,2020-10-13,없음,00:00,23:59,00:00,23:59,,,,,,,,,,,,,,,,,,,,,,,,,술,연천군청,031-839-2232,2020-06-29,4140000,경기도 연천군
쉬림프 파파,2,경기도,연천군,,경기도 연천군 전곡읍 전곡리 705-2,38.00737481,127.0621336,1,0,2017-07-27,2017-08-05,없음,00:00,23:59,00:00,23:59,,,,,,,,,,,,,,,,,,,,,,,,,술,연천군청,031-839-2232,2020-06-29,4140000,경기도 연천군
뉴욕커 핫도그,2,경기도,연천군,"경기도 연천군 전곡읍 선사로 123, 한탄강 세계 캠핑 축제",경기도 연천군 전곡읍 전곡리 705-2,38.0073748068,127.0621335920,1,0,2017-07-27,2017-08-05,없음,00:00,23:59,00:00,23:59,,,,,,,,,,,,,,,,,,,,,,,,,술,연천군청,031-839-2232,2020-06-29,4140000,경기도 연천군
로하스 캠핑테리아,99,경기도,연천군,경기도 연천군 전곡읍 은전로 45 (젼곡읍사무소 정문 인근),경기도 연천군 전곡읍 은대리 573,38.0280944,127.0637091,1,0,2017-08-30,2022-08-31,없음,00:00,23:59,00:00,23:59,,,,,,,,,,,,,,,,,,,,,,,,,술,연천군청,031-839-2232,2020-06-29,4140000,경기도 연천군
남해고속도로지수졸음쉼터,7,경상남도,진주시,경상남도 진주시 지수면 금곡리 240-4번지,경상남도 진주시 지수면 금곡리 240-4,35.20866499,128.2583771,1,월 20-30만원,2016-07-01,2019-07-15,공휴일,08:00,20:00,08:00,20:00,08:00,20:00,08:00,20:00,08:00,20:00,08:00,20:00,08:00,20:00,08:00,20:00,08:00,20:00,08:00,20:00,08:00,20:00,08:00,20:00,08:00,20:00,08:00,20:00,주류,진주시,055-749-8674,2020-07-13,5310000,경상남도 진주시
영업자가 신청하여 지정하는 장소,99,경상남도,진주시,경상남도 진주시 모덕로127번길 6 (상대동),경상남도 진주시 상대동 319-2,35.18416483,128.111266,1,별도 사용료 없음,2020-04-07,2022-04-03,별도 휴무일 없음,15:00,22:00,15:00,22:00,15:00,22:00,15:00,22:00,15:00,22:00,15:00,22:00,15:00,22:00,15:00,22:00,15:00,22:00,15:00,22:00,15:00,22:00,15:00,22:00,15:00,22:00,15:00,22:00,주류,진주시,055-749-8674,2020-07-13,5310000,경상남도 진주시
수성랜드,1,대구광역시,수성구,대구광역시 수성구 용학로 35-5(상동),대구광역시 수성구 상동 725,35.8268314197,128.6128425503,1,0,2017-09-18,2018-12-31,토요일+일요일,00:00,23:59,00:00,23:59,,,,,,,,,,,,,,,,,,,,,,,,,,대구광역시 수성구 식품위생과,053-666-2765,2020-07-02,3460000,대구광역시 수성구
의성마늘테마파크,4,경상북도,의성군,경상북도 의성군 의성읍 경북대로 5690,경상북도 의성군 의성읍 원당리 208-1,36.3513770535,128.6768156375,,23570원/년(번호2-5),2016-12-10,2018-12-09,이동영업(번호2-5),00:00,00:00,00:00,00:00,00:00,00:00,00:00,00:00,00:00,00:00,00:00,00:00,00:00,00:00,00:00,00:00,00:00,00:00,00:00,00:00,00:00,00:00,00:00,00:00,00:00,00:00,00:00,00:00,,경상북도 의성군청,054-830-6171,2020-06-30,5150000,경상북도 의성군
의성종합운동장,3,경상북도,의성군,,경상북도 의성군 의성읍 중리리 549,36.3572844,128.6932898,,23570원/년(번호2-5),2016-12-10,2018-12-09,이동영업(번호2-5),00:00,00:00,00:00,00:00,00:00,00:00,00:00,00:00,00:00,00:00,00:00,00:00,00:00,00:00,00:00,00:00,00:00,00:00,00:00,00:00,00:00,00:00,00:00,00:00,00:00,00:00,00:00,00:00,,경상북도 의성군청,054-830-6171,2020-06-30,5150000,경상북도 의성군
의성군농업기술센터,99,경상북도,의성군,,경상북도 의성군 봉양면 분토리 928,36.3226879787,128.6458998987,,23570원/년(번호2-5),2016-12-10,2018-12-09,이동영업(번호2-5),00:00,00:00,00:00,00:00,00:00,00:00,00:00,00:00,00:00,00:00,00:00,00:00,00:00,00:00,00:00,00:00,00:00,00:00,00:00,00:00,00:00,00:00,00:00,00:00,00:00,00:00,00:00,00:00,,경상북도 의성군청,054-830-6171,2020-06-30,5150000,경상북도 의성군
의성조문국사적지,4,경상북도,의성군,,경상북도 의성군 금성면 대리리 377 - 2,36.2739594,128.668181,1,23570원/년(번호2-5),2018-12-10,2021-12-09,이동영업(번호2-5),00:00,00:00,00:00,00:00,00:00,00:00,00:00,00:00,00:00,00:00,00:00,00:00,00:00,00:00,00:00,00:00,00:00,00:00,00:00,00:00,00:00,00:00,00:00,00:00,00:00,00:00,00:00,00:00,,경상북도 의성군청,054-830-6171,2020-06-30,5150000,경상북도 의성군
빙계군립공원,4,경상북도,의성군,,경상북도 의성군 춘산면 빙계리 896,36.2291709,128.756566,,23570원/년(번호2-5),2016-12-10,2018-12-09,이동영업(번호2-5),00:00,00:00,00:00,00:00,00:00,00:00,00:00,00:00,00:00,00:00,00:00,00:00,00:00,00:00,00:00,00:00,00:00,00:00,00:00,00:00,00:00,00:00,00:00,00:00,00:00,00:00,00:00,00:00,,경상북도 의성군청,054-830-6171,2020-06-30,5150000,경상북도 의성군
영상강문화공원,4,전라남도,담양군,,전라남도 담양군 담양읍 향교리 271-8,35.32520546,126.987889,2,"338,080",2020-04-20,2022-04-19,휴무일 없음,10:00,19:00,10:00,19:00,,,,,,,10:00,19:00,10:00,19:00,10:00,19:00,10:00,19:00,10:00,19:00,10:00,19:00,10:00,19:00,10:00,19:00,10:00,19:00,,담양군,061-380-2807,2020-07-14,4850000,전라남도 담양군
구좌 해안도로,8,제주특별자치도,제주시,,제주특별자치도 제주시 구좌읍 종달리 724,33.487252,126.902478,1,11000000원/년,2017-07-24,2022-05-15,연중무휴,09:00,18:00,09:00,18:00,,,,,,,,,,,,,,,,,,,,,,,,,,제주시 위생관리과,064-728-2623,2020-06-30,6510000,제주특별자치도 제주시
수목원테마파크,2,제주특별자치도,제주시,제주특별자치도 제주시 은수길 69 (연동),제주특별자치도 제주시 연동 1320,33.4706503551,126.4882177580,18,0,2020-01-01,2020-12-31,연중무휴,19:00,22:00,19:00,22:00,,,,,,,,,,,,,,,,,,,,,,,,,,제주시 위생관리과,064-728-2623,2020-06-30,6510000,제주특별자치도 제주시
새별오름,8,제주특별자치도,제주시,,제주특별자치도 제주시 애월읍 봉성리 4554,33.3630349260,126.3641130818,10,25410원/년,2020-01-01,2020-12-31,연중무휴,10:00,18:00,10:00,18:00,,,,,,,,,,,,,,,,,,,,,,,,,,제주시 위생관리과,064-728-2623,2020-06-30,6510000,제주특별자치도 제주시
의림지 공영주차장,2,충청북도,제천시,충청북도 제천시 모산동 210번지 공영주차장,충청북도 제천시 모산동 210번지 공영주차장,37.1758154,128.2114765,2,년187570,2019-06-08,2021-06-07,연중무휴,00:00,23:59,00:00,23:59,,,,,,,,,,,,,,,,,,,,,,,,,식품위생법 시행령 제21조 제8호 가목의 휴게음식점영업 또는 같은 호 바목의 제과점영업 외,제천시청,043-641-3182,2020-07-10,4400000,충청북도 제천시
우치공원,4,광주광역시,북구,광주광역시 북구 우치로 677(생용동),광주광역시 북구 생용동 90,35.22192382,126.8943993,1,"년28,000원",2016-04-19,2018-04-18,평일,00:00,00:00,11:00,17:00,11:00,17:00,11:00,17:00,11:00,17:00,10:00,20:00,10:00,20:00,10:00,18:00,10:00,18:00,10:00,18:00,10:00,18:00,10:00,18:00,10:00,18:00,11:00,17:00,,광주광역시 우치공원,062-613-5860,2020-06-30,3620000,광주광역시 북구
곡성세계장미축제장,2,전라남도,곡성군,전라남도 곡성군오곡면 기차마을로 232,,35.2775326543,127.3082864723,,"일 20,000원",2020-05-22,2020-06-07,연중무휴,09:00,18:00,09:00,18:00,,,,,,,,,,,,,,,,,,,,,,,,,,곡성군청,061-360-8635,2020-07-10,4860000,전라남도 곡성군
곡성심청축제장,2,전라남도,곡성군,전라남도 곡성군오곡면 기차마을로 232,,35.2775326543,127.3082864723,,0,2019-10-03,2019-10-06,연중무휴,09:00,18:00,09:00,18:00,,,,,,,,,,,,,,,,,,,,,,,,,,곡성군청,061-360-8635,2020-07-10,4860000,전라남도 곡성군
인천대학교 BTL생활원 부속시설,6,인천광역시,연수구,"인천광역시 연수구 아카데미로 119, 인천대학교 BTL생활원 부속시설",인천광역시 연수구 송도동12-1,37.3778557116,126.6325052950,1,-,2018-04-24,2023-02-01,"토요일,일요일",10:00,19:00,00:00,00:00,,,,,,,,,,,,,,,,,,,,,,,,,,미래행복(주),032-556-4503,2020-07-09,3520000,인천광역시 연수구
인천송도국제캠핑장,8,인천광역시,연수구,인천광역시 연수구 지식기반로 60,인천광역시 연수구 송도동221-2,37.3615808115,126.6458775369,2,-,2020-07-07,2020-10-31,월요일,10:00,21:00,10:00,21:00,,,,,,,,,,,,,,,,,,,,,,,,,,(주)공공스토리사업단,032-673-1458,2020-07-09,3520000,인천광역시 연수구
인제군농특산물전시판매장 주차장,99,강원도,인제군,강원도 인제군 인제읍 비봉로 48,강원도 인제군 인제읍 상동리 430,38.06526797,128.1744703,2,"공시지가의 50/1,000",2018-05-23,2023-05-09,연중무휴,09:00,20:00,09:00,20:00,,,,,,,,,,,,,,,,,,,,,,,,,주류,인제군,033-460-2246,2020-06-19,4330000,강원도 인제군
신례천로옆,99,제주특별자치도,서귀포시,,제주특별자치도 서귀포시 남원읍 신례리 850-1,33.2858916981,126.6351597563,1,0,2019-11-25,2021-11-25,연중무휴,00:00,23:59,00:00,23:59,,,,,,,,,,,,,,,,,,,,,,,,,,위생관리과,064-760-2423,2020-07-01,6520000,제주특별자치도 서귀포시
태풍센터근처,99,제주특별자치도,서귀포시,,제주특별자치도 서귀포시 남원읍 한남리 산76-1,,,1,0,2018-10-15,2020-10-15,연중무휴,00:00,23:59,00:00,23:59,,,,,,,,,,,,,,,,,,,,,,,,,,위생관리과,064-760-2423,2020-07-01,6520000,제주특별자치도 서귀포시
솔오름주차장,99,제주특별자치도,서귀포시,,제주특별자치도 서귀포시 동홍동 2142-14,,,1,60000원,2019-02-08,2021-01-31,연중무휴,00:00,23:59,00:00,23:59,,,,,,,,,,,,,,,,,,,,,,,,,,위생관리과,064-760-2423,2020-07-01,6520000,제주특별자치도 서귀포시
솔오름주차장,99,제주특별자치도,서귀포시,,제주특별자치도 서귀포시 동홍동 2142-14,,,1,60000원,2019-02-13,2021-01-31,연중무휴,00:00,23:59,00:00,23:59,,,,,,,,,,,,,,,,,,,,,,,,,,위생관리과,064-760-2423,2020-07-01,6520000,제주특별자치도 서귀포시
솔오름주차장,99,제주특별자치도,서귀포시,,제주특별자치도 서귀포시 동홍동 2142-7,,,1,79000원,2018-12-14,2020-11-30,연중무휴,00:00,23:59,00:00,23:59,,,,,,,,,,,,,,,,,,,,,,,,,,위생관리과,064-760-2423,2020-07-01,6520000,제주특별자치도 서귀포시
솔오름전망대,99,제주특별자치도,서귀포시,,제주특별자치도 서귀포시 동홍동 2150-1,,,1,105000원,2019-03-08,2021-02-28,연중무휴,00:00,23:59,00:00,23:59,,,,,,,,,,,,,,,,,,,,,,,,,,위생관리과,064-760-2423,2020-07-01,6520000,제주특별자치도 서귀포시
솔오름전망대,99,제주특별자치도,서귀포시,,제주특별자치도 서귀포시 동홍동 2150-1,,,1,105000원,2019-03-22,2021-02-28,연중무휴,00:00,23:59,00:00,23:59,,,,,,,,,,,,,,,,,,,,,,,,,,위생관리과,064-760-2423,2020-07-01,6520000,제주특별자치도 서귀포시
솔오름전망대,99,제주특별자치도,서귀포시,,제주특별자치도 서귀포시 동홍동 2150-1,,,1,105000원,2019-04-03,2021-02-28,연중무휴,00:00,23:59,00:00,23:59,,,,,,,,,,,,,,,,,,,,,,,,,,위생관리과,064-760-2423,2020-07-01,6520000,제주특별자치도 서귀포시
중문해수욕장주차장,2,제주특별자치도,서귀포시,,제주특별자치도 서귀포시 색달동 2950-23,,,1,0,2015-05-07,2020-04-30,연중무휴,00:00,23:59,00:00,23:59,,,,,,,,,,,,,,,,,,,,,,,,,,위생관리과,064-760-2423,2020-07-01,6520000,제주특별자치도 서귀포시
중문해수욕장주차장,2,제주특별자치도,서귀포시,,제주특별자치도 서귀포시 색달동 2950-23,,,1,0,2015-07-22,2020-07-15,연중무휴,00:00,23:59,00:00,23:59,,,,,,,,,,,,,,,,,,,,,,,,,,위생관리과,064-760-2423,2020-07-01,6520000,제주특별자치도 서귀포시
서귀포시시공원,99,제주특별자치도,서귀포시,,제주특별자치도 서귀포시 서홍동 696,,,1,70500원,2018-11-20,2020-10-31,연중무휴,00:00,23:59,00:00,23:59,,,,,,,,,,,,,,,,,,,,,,,,,,위생관리과,064-760-2423,2020-07-01,6520000,제주특별자치도 서귀포시
제2산록도로 광평교차로,99,제주특별자치도,서귀포시,,제주특별자치도 서귀포시 안덕면 동광리 산 28,,,1,14200원,2019-04-10,2021-04-01,연중무휴,00:00,23:59,00:00,23:59,,,,,,,,,,,,,,,,,,,,,,,,,,위생관리과,064-760-2423,2020-07-01,6520000,제주특별자치도 서귀포시
제주컨벤션센터광장,2,제주특별자치도,서귀포시,,제주특별자치도 서귀포시 중문동 2503,,,1,0,2015-06-09,2020-04-30,연중무휴,00:00,23:59,00:00,23:59,,,,,,,,,,,,,,,,,,,,,,,,,,위생관리과,064-760-2423,2020-07-01,6520000,제주특별자치도 서귀포시
천제연폭포주차장,2,제주특별자치도,서귀포시,,제주특별자치도 서귀포시 중문동 2232,33.2526765845,126.4183754156,1,0,2015-05-21,2020-04-30,연중무휴,00:00,23:59,00:00,23:59,,,,,,,,,,,,,,,,,,,,,,,,,,위생관리과,064-760-2423,2020-07-01,6520000,제주특별자치도 서귀포시
남조로 사려니숲길입구,99,제주특별자치도,서귀포시,,제주특별자치도 서귀포시 표선면 가시리 산 158-4,,,1,0,2019-03-26,2021-03-23,연중무휴,00:00,23:59,00:00,23:59,,,,,,,,,,,,,,,,,,,,,,,,,,위생관리과,064-760-2423,2020-07-01,6520000,제주특별자치도 서귀포시
남조로 사려니숲길입구,99,제주특별자치도,서귀포시,,제주특별자치도 서귀포시 표선면 가시리 산 158-4,,,1,0,2019-04-01,2021-03-23,연중무휴,00:00,23:59,00:00,23:59,,,,,,,,,,,,,,,,,,,,,,,,,,위생관리과,064-760-2423,2020-07-01,6520000,제주특별자치도 서귀포시
남조로 사려니숲길입구,99,제주특별자치도,서귀포시,,제주특별자치도 서귀포시 표선면 가시리 산 158-4,,,1,0,2019-04-19,2021-03-29,연중무휴,00:00,23:59,00:00,23:59,,,,,,,,,,,,,,,,,,,,,,,,,,위생관리과,064-760-2423,2020-07-01,6520000,제주특별자치도 서귀포시
남조로 사려니숲길입구,99,제주특별자치도,서귀포시,,제주특별자치도 서귀포시 표선면 가시리 산 158-4,,,1,0,2019-04-23,2021-04-05,연중무휴,00:00,23:59,00:00,23:59,,,,,,,,,,,,,,,,,,,,,,,,,,위생관리과,064-760-2423,2020-07-01,6520000,제주특별자치도 서귀포시
구)탐라대교차로,99,제주특별자치도,서귀포시,,제주특별자치도 서귀포시 하원동 산 76-1,,,1,16000원,2019-03-12,2021-02-28,연중무휴,00:00,23:59,00:00,23:59,,,,,,,,,,,,,,,,,,,,,,,,,,위생관리과,064-760-2423,2020-07-01,6520000,제주특별자치도 서귀포시
경인아라뱃길 시천교,5,인천광역시,서구,,인천광역시 서구 시천동 158-11,,,4,"연 630,500원",2019-01-04,2021-01-03,연중무휴,10:00,22:00,10:00,22:00,10:00,20:00,10:00,20:00,10:00,22:00,10:00,22:00,10:00,22:00,10:00,22:00,10:00,22:00,10:00,22:00,10:00,22:00,10:00,22:00,10:00,20:00,10:00,20:00,주류,한국수자원공사 인천김포권지사,032-590-2252,2020-07-09,3560000,인천광역시 서구
인천가족공원,4,인천광역시,부평구,"인천광역시 부평구 평온로 61, 인천가족공원 승화원 내 푸드트럭 지정장소 (부평동)",,37.4774802146,126.7167686974,1,"월 234,075",2020-05-01,2020-10-31,연중무휴,06:00,16:00,06:00,16:00,,,,,,,,,,,,,,,,,,,,,,,,,,인천시설공단,032-456-2344,2020-04-29,3540000,인천광역시 부평구
아일랜드캐슬 워터파크,1,경기도,의정부시,경기도 의정부시 장곡로 22,경기도 의정부시 장암동 135,37.7069486,127.0533857858,,-,2019-08-01,2023-06-30,"1월~5월, 9월~12월",10:00,18:00,10:00,18:00,00:00,00:00,00:00,00:00,00:00,00:00,00:00,00:00,00:00,00:00,10:00,18:00,10:00,18:00,10:00,18:00,00:00,00:00,00:00,00:00,00:00,00:00,00:00,00:00,스낵류,의정부시,031-828-2944,2020-07-10,3820000,경기도 의정부시
푸드트럭허가구역,01,전라남도,장흥군,,전라남도 장흥군 장흥읍 예양리 197-1,34.678879392,126.903590967,1,45000,2019-04-16,2021-03-31,우천시,11:00,19:00,11:00,19:00,11:00,19:00,11:00,19:00,11:00,19:00,11:00,19:00,11:00,19:00,11:00,19:00,11:00,19:00,11:00,19:00,11:00,19:00,11:00,19:00,11:00,19:00,11:00,19:00,주류,장흥군보건소,061-860-6454,2020-07-06,4910000,전라남도 장흥군
신포청년몰,99,인천광역시,중구,인천광역시 중구 우현로35번길 1(신포동),,37.4704570171,126.6275216092,1,"연 1,445,446원",2019-05-01,2020-07-14,월요일,11:00,20:00,11:00,20:00,11:00,20:00,11:00,20:00,11:00,20:00,11:00,20:00,11:00,20:00,11:00,20:00,11:00,20:00,11:00,20:00,11:00,20:00,11:00,20:00,11:00,20:00,11:00,20:00,없음,인천광역시,032-760-7347,2020-07-08,3490000,인천광역시 중구
자연학습공원,4,경기도,의왕시,경기도 의왕시 왕송못동로 307,경기도 의왕시 월암동 543-3,37.30712099,126.9531473531,3,39930,2016-07-07,2018-07-06,월요일+화요일+수요일+목요일+금요일,00:00,12:00,10:00,19:00,,,,,,,,,,,,,,,,,,,,,,,,,,의왕시,031-345-2824,2020-06-23,4030000,경기도 의왕시
왕송호수공원,4,경기도,의왕시,,경기도 의왕시 월암동 571,37.3059418979,126.9525479883,2,33290,2016-12-20,2019-12-14,월요일+화요일+수요일+목요일+금요일,00:00,12:00,10:00,19:00,,,,,,,,,,,,,,,,,,,,,,,,,,의왕시,031-345-2824,2020-06-23,4030000,경기도 의왕시
의왕시청,8,경기도,의왕시,경기도 의왕시 시청로 11,경기도 의왕시 고천동 171,37.3453186078,126.9679891751,1,349910,2017-03-20,2018-08-31,월요일+화요일+수요일+목요일+금요일,00:00,12:00,10:00,19:00,,,,,,,,,,,,,,,,,,,,,,,,,,의왕시,031-345-2824,2020-06-23,4030000,경기도 의왕시
청계TG졸음쉼터,7,경기도,의왕시,경기도 의왕시 안양판교로 476,경기도 의왕시 청계동 산8-18,37.3932698389,127.0223102693,1,100000,2018-02-23,2019-02-28,연중무휴,00:00,12:00,10:00,19:00,,,,,,,,,,,,,,,,,,,,,,,,,,의왕시,031-345-2824,2020-06-23,4030000,경기도 의왕시
청계산 공영주차장,99,경기도,의왕시,,경기도 의왕시 청계동 77,37.40577287,127.0251663,2,20790,2017-09-27,2018-12-31,월요일+화요일+수요일+목요일+금요일,00:00,12:00,10:00,19:00,,,,,,,,,,,,,,,,,,,,,,,,,,의왕시,031-345-2824,2020-06-23,4030000,경기도 의왕시
의왕휴게소,7,경기도,의왕시,경기도 의왕시 오전로 24,경기도 의왕시 왕곡동 260,37.3478698537,126.9831746746,1,33290,2019-04-29,2033-06-30,월요일+화요일+수요일+목요일+금요일,00:00,12:00,10:00,19:00,,,,,,,,,,,,,,,,,,,,,,,,,,의왕시,031-345-2825,2020-06-23,4030000,경기도 의왕시
칠곡군,1,경상북도,칠곡군,,경상북도 칠곡군 석적읍 중지리 552,36.018344,128.401163,1,"년51,040원",2017-03-30,2021-03-07,없음,10:00,23:00,10:00,23:00,,,,,,,,,,,,,,,,,,,,,,,,,,칠곡군,054-979-6674,2020-07-01,5220000,경상북도 칠곡군
숭덕재활원,99,충청북도,충주시,충청북도 충주시 상아배이길 84,충청북도 충주시 호암동 산76-3,36.9604513051,127.9224554434,1,0,2019-11-27,2019-10-30,일정하지않음,10:00,18:00,10:00,18:00,10:00,18:00,10:00,18:00,10:00,18:00,10:00,18:00,10:00,18:00,10:00,18:00,10:00,18:00,10:00,18:00,10:00,18:00,10:00,18:00,10:00,18:00,10:00,18:00,주류,충주시청 위생과,043-850-3472,2020-06-30,4390000,충청북도 충주시
평택-제천선 중앙탑 졸음쉼터 내,7,충청북도,충주시,,충청북도 충주시 중앙탑면 하구암리 352-3,,,1,0,2019-12-02,2021-01-18,없음,08:00,19:00,08:00,19:00,08:00,19:00,08:00,19:00,08:00,19:00,08:00,19:00,08:00,19:00,08:00,19:00,08:00,19:00,08:00,19:00,08:00,19:00,08:00,19:00,08:00,19:00,08:00,19:00,주류,충주시청 위생과,043-850-3472,2020-06-30,4390000,충청북도 충주시
자유시장아케이트내,99,충청북도,충주시,,충청북도 충주시 충의동 286,,,1,0,2020-06-22,2019-12-26,일정하지않음,17:00,23:00,17:00,23:00,,,,,,,,,,,17:00,23:00,17:00,23:00,17:00,23:00,17:00,23:00,17:00,23:00,17:00,23:00,17:00,23:00,주류,충주시청 위생과,043-850-3472,2020-06-30,4390000,충청북도 충주시
해운대구청,8,부산광역시,해운대구,부산광역시 해운대구 중동2로 11,부산광역시 해운대구 중동 1378-95,35.1631596,129.1635629,1,"연간 2,523,950원",2017-01-01,2020-12-31,일요일 휴무,08:00,18:00,08:00,18:00,,,,,,,,,,,,,,,,,,,,,,,,,주류,해운대구,051-749-4161,2020-06-22,3330000,부산광역시 해운대구
입곡군립공원 주차장,2,경상남도,함안군,,경상남도 함안군 산인면 입곡리 1181,35.263336,128.449553,1,"년 6,870원",2016-10-10,2020-10-09,연중무휴,09:00,18:00,09:00,18:00,09:00,18:00,09:00,18:00,09:00,18:00,09:00,18:00,09:00,18:00,09:00,18:00,09:00,18:00,09:00,18:00,09:00,18:00,09:00,18:00,09:00,18:00,09:00,18:00,"주류,담배",함안군,055-580-3413,2020-07-03,5400000,경상남도 함안군
입곡군립공원 아라힐링카페,2,경상남도,함안군,,경상남도 함안군 산인면 입곡리 1310,35.2595393982,128.4510892440,1,년 900원,2018-11-14,2021-11-13,연중무휴,09:00,18:00,09:00,18:00,09:00,18:00,09:00,18:00,09:00,18:00,09:00,18:00,09:00,18:00,09:00,18:00,09:00,18:00,09:00,18:00,09:00,18:00,09:00,18:00,09:00,18:00,09:00,18:00,"주류,담배",함안군,055-580-3413,2020-07-03,5400000,경상남도 함안군
악양생태공원,4,경상남도,함안군,,경상남도 함안군 대산면 하기리 806,35.3397887526,128.3966926676,1,"년 10,870원",2018-12-06,2021-12-05,연중무휴,09:00,18:00,09:00,18:00,09:00,18:00,09:00,18:00,09:00,18:00,09:00,18:00,09:00,18:00,09:00,18:00,09:00,18:00,09:00,18:00,09:00,18:00,09:00,18:00,09:00,18:00,09:00,18:00,"주류,담배",함안군,055-580-3424,2020-07-03,5400000,경상남도 함안군
강나루생태공원,5,경상남도,함안군,,경상남도 함안군 칠서면 이룡리 996-8,35.392269,128.509703,1,"년 35,000원",2015-07-16,2020-07-15,연중무휴,09:00,18:00,09:00,18:00,09:00,18:00,09:00,18:00,09:00,18:00,09:00,18:00,09:00,18:00,09:00,18:00,09:00,18:00,09:00,18:00,09:00,18:00,09:00,18:00,09:00,18:00,09:00,18:00,"주류,담배",함안군,055-580-3416,2020-07-03,5400000,경상남도 함안군
부천종합운동장,03,경기도,부천시,경기도 부천시 소사로 482,,37.5025669833,126.7990239231,1,"연 341,000원",2019-11-01,2022-10-31,연중무휴,10:00,19:00,10:00,19:00,,,,,,,,,,,,,,,,,,,,,,,,,,부천도시공사,032-340-0871,2020-03-02,3860000,경기도 부천시
소사국민체육센터,03,경기도,부천시,경기도 부천시 소사로 108,,37.4684393542,126.7983828114,1,"연 1,365,650원",2019-04-01,2022-03-31,연중무휴,10:00,19:00,10:00,19:00,,,,,,,,,,,,,,,,,,,,,,,,,,부천도시공사,032-340-5324,2020-03-02,3860000,경기도 부천시
양서친환경도서관 앞,08,09,양평군,,경기도 양평군 양서면 용담리 535-15,37.5419856777,127.3232470291,1,"연 127,470원",2017-08-01,2020-04-30,연중무휴,00:00,00:00,00:00,00:00,,,,,,,,,,,,,,,,,,,,,,,,,,양평군,031-770-2625,2020-04-27,4170000,경기도 양평군
어울림근린공원,4,경기도,동두천시,경기도 동두천시 중앙로 183,경기도 동두천시 생연동 714-6,37.89661147,127.0517101,1,"257,100원/연",2016-07-04,2020-07-04,없음,10:00,21:00,10:00,21:00,10:00,21:00,10:00,21:00,10:00,21:00,10:00,21:00,10:00,21:00,10:00,21:00,10:00,21:00,10:00,21:00,10:00,21:00,10:00,21:00,10:00,21:00,10:00,21:00,주류,동두천시청 농업축산위생과,031-860-2232,2020-06-30,3920000,경기도 동두천시
캠프보산 월드푸드스트리트,8,경기도,동두천시,,경기도 동두천시 보산동 429-19,37.91646779,127.0562633,12,"1,000,000/연",2020-06-20,2023-06-20,없음,18:00,23:00,18:00,23:00,00:00,00:00,00:00,00:00,18:00,23:00,18:00,23:00,18:00,23:00,18:00,23:00,18:00,23:00,18:00,23:00,18:00,23:00,18:00,23:00,18:00,23:00,00:00,00:00,주류,동두천시총 전략사업과,031-860-2275,2020-06-30,3920000,경기도 동두천시
강촌레일파크푸드,01,강원도,춘천시,,강원도 춘천시 남산면 강촌리 산 1,,,1,"40,000",2019-05-20,2021-05-20,연중무휴,09:00,18:00,09:00,18:00,,,,,,,,,,,,,,,,,,,,,,,,,,춘천시,033-250-4511,2020-07-01,4180000,강원도 춘천시
치요남치킨강촌점,01,강원도,춘천시,,강원도 춘천시 남면 가정리 908,,,1,"300,000",2019-08-23,2020-08-31,연중무휴,09:00,18:00,09:00,18:00,,,,,,,,,,,,,,,,,,,,,,,,,,춘천시,033-250-4511,2020-07-01,4180000,강원도 춘천시
엑스포시민광장,4,대전광역시,서구,대전광역시 서구 둔산대로 169,대전광역시 서구 만년동 396,36.3664685709,127.3880153885,4,0,2017-12-15,2018-02-18,연중무휴,10:00,20:00,10:00,20:00,10:00,20:00,10:00,20:00,00:00,00:00,00:00,00:00,00:00,00:00,00:00,00:00,00:00,00:00,00:00,00:00,00:00,00:00,00:00,00:00,00:00,00:00,00:00,00:00,,대전광역시 서구 위생과,042-288-3332,2020-06-30,3660000,대전광역시 서구
위덕대학교 학교주차장,6,경상북도,경주시,경상북도 경주시 강동면 동해대로 261,경상북도 경주시 강동면 유금리 525,36.01610965,129.2825922,,문의,2018-04-01,2029-12-31,월요일+수요일+목요일+금요일+토요일+일요일,11:00,19:00,00:00,00:00,,,,,,,,,,,,,,,,,,,,,,,,,,경주시,054-760-1037,2020-06-30,5050000,경상북도 경주시
진접읍사무소 주차장일부,8,경기도,남양주시,경기도 남양주시 진접읍 금강로 1509-26,경기도 남양주시 진접읍 장현리 68-39,37.72632935,127.1898639,1,0,2016-01-27,2018-12-06,없음,00:00,12:00,00:00,12:00,,,,,,,,,,,,,,,,,,,,,,,,,주류,남양주시,031-590-8676,2020-01-22,3990000,경기도 남양주시
"다산동,테니스장앞주차장",3,경기도,남양주시,경기도 남양주시 경춘로 522,경기도 남양주시 다산동 3159-7,37.61024222,127.1719593,1,0,2016-01-01,2018-12-31,없음,00:00,12:00,00:00,12:00,,,,,,,,,,,,,,,,,,,,,,,,,주류,남양주시,031-590-8676,2020-01-22,3990000,경기도 남양주시
와부읍사무소 자치센터 주차장,8,경기도,남양주시,경기도 남양주시 와부읍 월문천로 35,경기도 남양주시 와부읍 덕소리 117-1,37.58551455,127.2163294,1,0,2016-04-21,2019-03-17,없음,00:00,12:00,00:00,12:00,,,,,,,,,,,,,,,,,,,,,,,,,주류,남양주시,031-590-8676,2020-01-22,3990000,경기도 남양주시
호평동 주차장,8,경기도,남양주시,경기도 남양주시 호평로68번길 21,경기도 남양주시 호평동 669,37.65456666,127.2489491,1,0,2016-09-06,2019-08-31,없음,00:00,12:00,00:00,12:00,,,,,,,,,,,,,,,,,,,,,,,,,주류,남양주시,031-590-8676,2020-01-22,3990000,경기도 남양주시
남양주체육문화센터 푸드트럭존,3,경기도,남양주시,경기도 남양주시 다산지금로 91,경기도 남양주시 이패동 산87,37.60592685,127.1777885,1,0,2018-08-01,2020-12-31,없음,00:00,12:00,00:00,12:00,,,,,,,,,,,,,,,,,,,,,,,,,주류,남양주시,031-590-8676,2020-01-22,3990000,경기도 남양주시
진건도서관,8,경기도,남양주시,경기도 남양주시 진건읍 진건오남로 41-25,경기도 남양주시 진건읍 사능리 646-7,37.65513558,127.1774389,1,0,2019-06-01,2023-05-31,없음,00:00,12:00,00:00,12:00,,,,,,,,,,,,,,,,,,,,,,,,,주류,남양주시,031-590-8676,2020-01-22,3990000,경기도 남양주시
별내체육공원,3,경기도,남양주시,경기도 남양주시 별내3로 244(별내동),경기도 남양주시 별내동 910,37.65972953,127.1213599,1,0,2019-07-07,2022-07-06,없음,00:00,12:00,00:00,12:00,,,,,,,,,,,,,,,,,,,,,,,,,주류,남양주시,031-590-8676,2020-01-22,3990000,경기도 남양주시
다산동사무소,8,경기도,남양주시,경기도 남양주시 다산중앙로 7(다산동),경기도 남양주시 다산동 6150,37.6139266,127.1555493,1,0,2019-10-08,2021-10-13,없음,00:00,12:00,00:00,12:00,,,,,,,,,,,,,,,,,,,,,,,,,주류,남양주시,031-590-8676,2020-01-22,3990000,경기도 남양주시
진접읍사무소 주차장일부,8,경기도,남양주시,경기도 남양주시 진접읍 금강로 1509-26,경기도 남양주시 진접읍 장현리 68-39,37.72632935,127.1898639,1,0,2016-01-27,2018-12-06,없음,00:00,12:00,00:00,12:00,,,,,,,,,,,,,,,,,,,,,,,,,주류,남양주시,031-590-8676,2020-01-22,3990000,경기도 남양주시
"다산동,테니스장앞주차장",3,경기도,남양주시,경기도 남양주시 경춘로 522,경기도 남양주시 다산동 3159-7,37.61024222,127.1719593,1,0,2016-01-01,2018-12-31,없음,00:00,12:00,00:00,12:00,,,,,,,,,,,,,,,,,,,,,,,,,주류,남양주시,031-590-8676,2020-01-22,3990000,경기도 남양주시
와부읍사무소 자치센터 주차장,8,경기도,남양주시,경기도 남양주시 와부읍 월문천로 35,경기도 남양주시 와부읍 덕소리 117-1,37.58551455,127.2163294,1,0,2016-04-21,2019-03-17,없음,00:00,12:00,00:00,12:00,,,,,,,,,,,,,,,,,,,,,,,,,주류,남양주시,031-590-8676,2020-01-22,3990000,경기도 남양주시
호평동 주차장,8,경기도,남양주시,경기도 남양주시 호평로68번길 21,경기도 남양주시 호평동 669,37.65456666,127.2489491,1,0,2016-09-06,2019-08-31,없음,00:00,12:00,00:00,12:00,,,,,,,,,,,,,,,,,,,,,,,,,주류,남양주시,031-590-8676,2020-01-22,3990000,경기도 남양주시
남양주체육문화센터 푸드트럭존,3,경기도,남양주시,경기도 남양주시 다산지금로 91,경기도 남양주시 이패동 산87,37.60592685,127.1777885,1,0,2018-08-01,2020-12-31,없음,00:00,12:00,00:00,12:00,,,,,,,,,,,,,,,,,,,,,,,,,주류,남양주시,031-590-8676,2020-01-22,3990000,경기도 남양주시
진건도서관,8,경기도,남양주시,경기도 남양주시 진건읍 진건오남로 41-25,경기도 남양주시 진건읍 사능리 646-7,37.65513558,127.1774389,1,0,2019-06-01,2023-05-31,없음,00:00,12:00,00:00,12:00,,,,,,,,,,,,,,,,,,,,,,,,,주류,남양주시,031-590-8676,2020-01-22,3990000,경기도 남양주시
별내체육공원,3,경기도,남양주시,경기도 남양주시 별내3로 244(별내동),경기도 남양주시 별내동 910,37.65972953,127.1213599,1,0,2019-07-07,2022-07-06,없음,00:00,12:00,00:00,12:00,,,,,,,,,,,,,,,,,,,,,,,,,주류,남양주시,031-590-8676,2020-01-22,3990000,경기도 남양주시
다산동사무소,8,경기도,남양주시,경기도 남양주시 다산중앙로 7(다산동),경기도 남양주시 다산동 6150,37.6139266,127.1555493,1,0,2019-10-08,2021-10-13,없음,00:00,12:00,00:00,12:00,,,,,,,,,,,,,,,,,,,,,,,,,주류,남양주시,031-590-8676,2020-01-22,3990000,경기도 남양주시
용평리조트,2,강원도,평창군,강원도 평창군 대관령면 올림픽로 715,강원도 평창군 대관령면 용산리 130,37.6551363873,128.7038011422,,0,2019-05-01,2030-12-31,연중무휴,09:00,19:00,09:00,19:00,09:00,19:00,09:00,19:00,09:00,19:00,09:00,19:00,09:00,19:00,09:00,19:00,09:00,19:00,09:00,19:00,09:00,19:00,09:00,19:00,09:00,19:00,09:00,19:00,주류,평창군,033-330-2314,2020-06-29,4280000,강원도 평창군
알펜시아 리조트,2,강원도,평창군,강원도 평창군 대관령면 솔봉로 325,강원도 평창군 대관령면 용산리 195-1,37.6627446072,128.6823846979,,0,2019-05-01,2030-12-31,연중무휴,09:00,19:00,09:00,19:00,09:00,19:00,09:00,19:00,09:00,19:00,09:00,19:00,09:00,19:00,09:00,19:00,09:00,19:00,09:00,19:00,09:00,19:00,09:00,19:00,09:00,19:00,09:00,19:00,주류,평창군,033-330-2314,2020-06-29,4280000,강원도 평창군
평창 휘닉스파크,2,강원도,평창군,강원도 평창군 봉평면 태기로 174,강원도 평창군 봉평면 면온리 1095-1,37.5737446144,128.3096159717,,0,2019-05-01,2030-12-31,연중무휴,09:00,19:00,09:00,19:00,09:00,19:00,09:00,19:00,09:00,19:00,09:00,19:00,09:00,19:00,09:00,19:00,09:00,19:00,09:00,19:00,09:00,19:00,09:00,19:00,09:00,19:00,09:00,19:00,주류,평창군,033-330-2314,2020-06-29,4280000,강원도 평창군
마하생태관광단지,2,강원도,평창군,,강원도 평창군 미탄면 마하리,,,,0,2019-05-01,2030-12-31,연중무휴,09:00,19:00,09:00,19:00,09:00,19:00,09:00,19:00,09:00,19:00,09:00,19:00,09:00,19:00,09:00,19:00,09:00,19:00,09:00,19:00,09:00,19:00,09:00,19:00,09:00,19:00,09:00,19:00,주류,평창군,033-330-2314,2020-06-29,4280000,강원도 평창군
의좋은형제공원 주차장,2,12,예산군,충청남도 예산군 대흥면 예당로 885,,,,,0,2017-03-15,2099-12-31,연중무휴,00:00,00:00,00:00,00:00,,,,,,,,,,,,,,,,,,,,,,,,,,충청남도 예산군,041-339-7482,2019-09-30,4610000,충청남도 예산군
평창전통시장,99,강원도,평창군,강원도 평창군 평창읍 평창시장1길 8-1,강원도 평창군 평창읍 하리 55-6,37.3668487339,128.3945773375,,0,2020-04-24,2030-12-31,"장날(5, 10)",09:00,19:00,09:00,19:00,09:00,19:00,09:00,19:00,09:00,19:00,09:00,19:00,09:00,19:00,09:00,19:00,09:00,19:00,09:00,19:00,09:00,19:00,09:00,19:00,09:00,19:00,09:00,19:00,주류,평창군,033-330-2314,2020-06-29,4280000,강원도 평창군
대화전통시장,99,강원도,평창군,강원도 평창군 대화면 대화3길 41,강원도 평창군 대화리 1001-171,37.5006958455,128.4547122994,,0,2020-04-24,2030-12-31,"장날(4, 9)",09:00,19:00,09:00,19:00,09:00,19:00,09:00,19:00,09:00,19:00,09:00,19:00,09:00,19:00,09:00,19:00,09:00,19:00,09:00,19:00,09:00,19:00,09:00,19:00,09:00,19:00,09:00,19:00,주류,평창군,033-330-2314,2020-06-29,4280000,강원도 평창군
봉평전통시장,99,강원도,평창군,,강원도 평창군 봉평면 창동로 280-6,,,,0,2020-04-24,2030-12-31,"장날(2, 7)",09:00,19:00,09:00,19:00,09:00,19:00,09:00,19:00,09:00,19:00,09:00,19:00,09:00,19:00,09:00,19:00,09:00,19:00,09:00,19:00,09:00,19:00,09:00,19:00,09:00,19:00,09:00,19:00,주류,평창군,033-330-2314,2020-06-29,4280000,강원도 평창군
진부전통시장,99,강원도,평창군,,강원도 평창군 진부면 하진부리 140,,,,0,2020-04-24,2030-12-31,"장날(3, 8)",09:00,19:00,09:00,19:00,09:00,19:00,09:00,19:00,09:00,19:00,09:00,19:00,09:00,19:00,09:00,19:00,09:00,19:00,09:00,19:00,09:00,19:00,09:00,19:00,09:00,19:00,09:00,19:00,주류,평창군,033-330-2314,2020-06-29,4280000,강원도 평창군
석교마을 느티나무 앞 삼거리,8,경상남도,남해군,,경상남도 남해군 남면 석교리 931-4,34.76738881,127.8977663,1,0,2016-11-02,2020-11-23,연중무휴,10:00,18:00,10:00,18:00,10:00,18:00,10:00,18:00,10:00,18:00,10:00,18:00,10:00,18:00,10:00,18:00,10:00,18:00,10:00,18:00,10:00,18:00,10:00,18:00,10:00,18:00,10:00,18:00,주류,남해군,055-860-3242,2020-06-29,5430000,경상남도 남해군
앵강소공원내,8,경상남도,남해군,경상남도 남해군 이동면 남해대로 1856-3,경상남도 남해군 이동면 무림리 260,34.78432799,127.9613395,1,6970,2016-11-10,2020-11-09,연중무휴,10:00,18:00,10:00,18:00,10:00,18:00,10:00,18:00,10:00,18:00,10:00,18:00,10:00,18:00,10:00,18:00,10:00,18:00,10:00,18:00,10:00,18:00,10:00,18:00,10:00,18:00,10:00,18:00,주류,남해군,055-860-3242,2020-06-29,5430000,경상남도 남해군
송정해수욕장 주차장,8,경상남도,남해군,,경상남도 남해군 미조면 송정리1131,34.7235513,128.0249358,1,0,2016-12-23,2020-12-30,연중무휴,10:00,18:00,10:00,18:00,00:00,00:00,00:00,00:00,00:00,00:00,00:00,00:00,00:00,00:00,00:00,00:00,00:00,00:00,00:00,00:00,00:00,00:00,00:00,00:00,00:00,00:00,00:00,00:00,주류,남해군,055-860-3242,2020-06-29,5430000,경상남도 남해군
남해유배문학관,8,경상남도,남해군,경상남도 남해군 남해읍 남해대로 2745,경상남도 남해군 남해읍 남변리 555,34.83195528,127.8991855,1,93550,2017-06-07,2021-06-06,연중무휴,10:00,18:00,10:00,18:00,00:00,00:00,00:00,00:00,00:00,00:00,00:00,00:00,00:00,00:00,00:00,00:00,00:00,00:00,00:00,00:00,00:00,00:00,00:00,00:00,00:00,00:00,00:00,00:00,주류,남해군,055-860-3242,2020-06-29,5430000,경상남도 남해군
창선교 밑,8,경상남도,남해군,,경상남도 남해군 삼동면 지족리 291-11,34.83255476,128.000043,1,0,2019-09-03,2021-09-02,연중무휴,10:00,18:00,10:00,18:00,00:00,00:00,00:00,00:00,00:00,00:00,00:00,00:00,00:00,00:00,00:00,00:00,00:00,00:00,00:00,00:00,00:00,00:00,00:00,00:00,00:00,00:00,00:00,00:00,주류,남해군,055-860-3243,2020-06-29,5430000,경상남도 남해군
경상남도수산기술사업소 남해사무소,8,경상남도,남해군,,경상남도 남해군 삼동면 금송리 1342-32,34.82976877,128.0082644,,0,2020-01-01,2021-12-31,연중무휴,10:00,18:00,10:00,18:00,00:00,00:00,00:00,00:00,00:00,00:00,00:00,00:00,00:00,00:00,00:00,00:00,00:00,00:00,00:00,00:00,00:00,00:00,00:00,00:00,00:00,00:00,00:00,00:00,주류,남해군,055-860-3244,2020-06-29,5430000,경상남도 남해군
케이블카파크랜드,8,경상남도,통영시,경상남도 통영시 발개로 172-26(도남동),경상남도 통영시 도남동 291,34.82372747,128.4233819,5,5000,2018-02-05,2020-02-04,없음,09:00,16:00,09:00,16:00,09:00,16:00,09:00,16:00,09:00,16:00,09:00,16:00,09:00,16:00,09:00,16:00,09:00,16:00,09:00,16:00,09:00,16:00,09:00,16:00,09:00,16:00,09:00,16:00,술,통영시청,055-650-6023,2020-06-25,5330000,경상남도 통영시
대덕구노인종합복지회관,8,대전광역시,대덕구,대전광역시 대덕구 계족로740번길 80 (읍내동),,36.3782583557,127.4314387090,,0,2020-02-06,2020-12-31,토요일+일요일+공휴일,10:30,14:30,00:00,00:00,,,,,,,,,,,,,,,,,,,,,,,,,,대전광역시 대덕구,042-608-6893,2020-04-29,3680000,대전광역시 대덕구
신대노인종합복지관,8,대전광역시,대덕구,대전광역시 대덕구 회덕로22번길 5 (신대동),,36.3987504146,127.4204582192,,0,2020-02-06,2020-12-31,토요일+일요일+공휴일,10:30,14:30,00:00,00:00,,,,,,,,,,,,,,,,,,,,,,,,,,대전광역시 대덕구,042-608-6893,2020-04-29,3680000,대전광역시 대덕구
신탄진 졸음쉼터,7,대전광역시,대덕구,대전광역시 대덕구 상서동 산 66-11,,,,,0,2020-04-01,2021-03-31,연중무휴,08:00,19:00,08:00,19:00,,,,,,,,,,,,,,,,,,,,,,,,,,대전광역시 대덕구,042-608-6893,2020-04-29,3680000,대전광역시 대덕구
부산대학교내 장승터,6,부산광역시,금정구,부산광역시 금정구 부산대학로 63번길 2,부산광역시 금정구 장전동 40,35.2322431537,129.0838246824,1,0,2018-04-30,2018-05-04,연중무휴,11:00,15:00,00:00,00:00,00:00,00:00,00:00,00:00,00:00,00:00,11:00,15:00,11:00,15:00,00:00,00:00,00:00,00:00,00:00,00:00,00:00,00:00,00:00,00:00,00:00,00:00,00:00,00:00,,부산광역시 금정구청,051-519-4414,2020-06-22,3350000,부산광역시 금정구
금양초등학교,6,부산광역시,금정구,부산광역시 금정구 중앙대로 1755,부산광역시 금정구 부곡동 63-27,35.2412356584,129.0920249287,1,0,2018-08-04,2018-08-05,연중무휴,00:00,00:00,10:00,18:00,00:00,00:00,00:00,00:00,00:00,00:00,00:00,00:00,00:00,00:00,00:00,00:00,00:00,00:00,10:00,18:00,00:00,00:00,00:00,00:00,00:00,00:00,00:00,00:00,,부산광역시 금정구청,051-519-4414,2020-06-22,3350000,부산광역시 금정구
부산가톨릭대학교 로사리오광장,6,부산광역시,금정구,"부산광역시 금정구 오륜대로 57, 부산가톨릭대학교 로사리오광장 (부곡동)",부산광역시 금정구 부곡동 9,35.2446770205,129.0968719059,1,0,2019-09-25,2019-09-25,연중무휴,00:00,00:00,10:00,18:00,00:00,00:00,00:00,00:00,00:00,00:00,00:00,00:00,00:00,00:00,00:00,00:00,00:00,00:00,10:00,18:00,00:00,00:00,00:00,00:00,00:00,00:00,00:00,00:00,,부산광역시 금정구청,051-519-4414,2020-06-22,3350000,부산광역시 금정구
부산가톨릭대학교 로사리오광장,6,부산광역시,금정구,"부산광역시 금정구 오륜대로 57, 부산가톨릭대학교 로사리오 광장 (부곡동)",부산광역시 금정구 부곡동 9,35.2446770205,129.0968719059,1,0,2019-09-25,2019-09-25,연중무휴,00:00,00:00,10:00,18:00,00:00,00:00,00:00,00:00,00:00,00:00,00:00,00:00,00:00,00:00,00:00,00:00,00:00,00:00,10:00,18:00,00:00,00:00,00:00,00:00,00:00,00:00,00:00,00:00,,부산광역시 금정구청,051-519-4414,2020-06-22,3350000,부산광역시 금정구
청양공설운동장,8,충청남도,청양군,충청남도 청양군 청양읍 청산로 257-19,충청남도 청양군 청양읍 백천리 산 69-5,36.46053838,126.8093234,1,"연 5,100원",2019-07-01,2020-06-30,연중무휴,00:00,00:00,00:00,00:00,,,,,,,,,,,,,,,,,,,,,,,,,,충청남도 청양군,041-940-2184,2020-06-08,4590000,충청남도 청양군
칠갑산오토캠핑장,8,충청남도,청양군,충청남도 청양군 대치면 까치내로 710,충청남도 청양군 대치면 작천리 30-29,36.39572454,126.863183,1,"연 13,700원",2019-07-01,2020-06-30,연중무휴,00:00,00:00,00:00,00:00,,,,,,,,,,,,,,,,,,,,,,,,,,충청남도 청양군,041-940-2184,2020-06-08,4590000,충청남도 청양군
청양군민체육관,8,충청남도,청양군,충청남도 청양군 청양읍 충절로 1204,충청남도 청양군 청양읍 송방리 371,36.45368677,126.7946154,1,"연 74,100원",2019-07-01,2020-06-30,연중무휴,00:00,00:00,00:00,00:00,,,,,,,,,,,,,,,,,,,,,,,,,,충청남도 청양군,041-940-2184,2020-06-08,4590000,충청남도 청양군
치즈체험장,8,충청남도,청양군,충청남도 청양군 비봉면 여사길 18-17,충청남도 청양군 비봉면 양사리 산 99,36.48953279,126.7587899610,1,0,2018-08-01,2023-07-31,연중무휴,00:00,00:00,00:00,00:00,,,,,,,,,,,,,,,,,,,,,,,,,,충청남도 청양군,041-940-2184,2020-06-08,4590000,충청남도 청양군
안중시장 고객센터 앞,99,9,평택시,,경기도 평택시 안중읍 안중리 267-5,36.9875024334,126.9284435722,1,"년 251,460원",2019-12-08,2021-12-07,연중무휴* 휴무시 사전 알림 (행사참여 등),10:00,20:00,10:00,20:00,,,,,,,,,,,,,,,,,,,,,,,,,,평택시,031-8024-2294,2020-04-28,3910000,경기도 평택시
동해시웰빙스포츠타운 일원,3,10,동해시,강원도 동해시 덕골길 10(천곡동),강원도 동해시 천곡동 363-1,37.5160608813,129.1021974920,0,"월 800,000원",2016-11-01,2017-01-31,토요일+일요일+공휴일,09:00,20:00,10:00,21:00,10:00,19:00,10:00,19:00,10:00,19:00,10:00,19:00,10:00,20:00,10:00,20:00,10:00,21:00,10:00,21:00,09:00,20:00,09:00,20:00,10:00,19:00,10:00,19:00,병입 음료,동해시,033-530-2122,2020-06-05,4210000,강원도 동해시
고속국도 졸음쉼터,1,9,양주시,경기도 양주시 장흥면 서울외곽순환고속도로 58,경기도 양주시 장흥면 삼하리 250-16,37.67919783,126.9157818,1,"월6,500,000원",2017-05-01,2020-02-28,연중무휴,00:00,00:00,00:00,00:00,,,,,,,,,,,,,,,,,,,,,,,,,,양주시 민원봉사과,031-8082-5292,2020-05-26,5590000,경기도 양주시
서울외곽고속도로 김포TG외측 졸음쉼터,7,9,김포시,,경기도 김포시 고촌읍 신곡리 800-1,37.5869702,126.7518781,1,"월100,000원",2019-12-15,2020-12-14,연중무휴,08:00,19:00,08:00,19:00,,,,,,,,,,,,,,,,,,,,,,,,,주류,김포시,031-980-2253,2020-05-13,4090000,경기도 김포시
한강신도시 호수공원,4,9,김포시,,경기도 김포시 마산동 617-2,37.6457871088,126.63491772,1,"월18,984원",2019-09-20,2021-09-19,연중무휴,10:00,20:00,10:00,20:00,,,,,,,,,,,,,,,,,,,,,,,,,주류,김포시,031-980-2253,2020-05-13,4090000,경기도 김포시
원주종합체육관,3,10,없음,강원도 원주시 서원대로 281,,37.3390611515,127.9419162929,,기간내 131220,2019-10-01,2020-03-31,홈경기일 27일만 운영,17:00,22:00,15:00,20:00,,,,,,,,,,,,,,,,,,,,,,,,,,원주시 체육시설사업소,033-737-4302,2020-05-12,4190000,강원도 원주시
이천농업테마공원 공원부지,99,9,이천시,경기도 이천시 모가면 공원로 48,경기도 이천시 모가면 어농리 871-3,37.17960623,127.4453047,2,"년 127,820원",2019-03-08,2021-03-07,평일,09:00,17:00,09:00,17:00,09:00,17:00,09:00,17:00,09:00,17:00,09:00,17:00,09:00,17:00,09:00,17:00,09:00,17:00,09:00,17:00,09:00,17:00,09:00,17:00,09:00,17:00,09:00,17:00,계약서 상 명기된 품목 이외의 모든 품목,이천시시설관리공단,031-632-6607,2020-04-30,B553081,이천시시설관리공단
서동생활공원,3,16,의령군,경상남도 의령군 의령읍 의병로8길 44,경상남도 의령군 의령읍 서동리 543,35.31545314,128.2558941,1,"60,220",2018-08-09,2023-08-08,연중무휴,10:00,21:00,10:00,21:00,10:00,21:00,10:00,21:00,10:00,21:00,10:00,21:00,10:00,21:00,10:00,21:00,10:00,21:00,10:00,21:00,10:00,21:00,10:00,21:00,10:00,21:00,10:00,21:00,주류,시설관리사업소,055-570-2633,2020-04-20,5390000,경상남도 의령군
중앙체육공원,04,13,익산시,전라북도 익산시 하나로 322,전라북도 익산시 어양동 52,35.9497295074,126.9861273792,1,14300,2016-10-06,2019-10-05,무,10:00,21:00,10:00,21:00,10:00,21:00,10:00,21:00,10:00,21:00,10:00,21:00,10:00,21:00,10:00,21:00,10:00,21:00,10:00,21:00,10:00,21:00,10:00,21:00,10:00,21:00,10:00,21:00,,전라북도 익산시,063-859-4692,2020-03-18,4680000,전라북도 익산시
상무시민공원,4,5,서구,광주광역시 서구 상무공원로 101,광주광역시 서구 치평동 1162,35.1533951121,126.8410975198,1,109690,2017-05-09,2019-05-08,없음,10:00,19:00,10:00,19:00,10:00,17:00,10:00,17:00,10:00,19:00,10:00,19:00,10:00,19:00,10:00,21:00,10:00,21:00,10:00,21:00,10:00,21:00,10:00,19:00,10:00,17:00,10:00,17:00,영업신고 외 품목 판매금지,광주광역시 서구청,062-360-7724,2020-02-10,3600000,광주광역시 서구
풍암호수공원,4,5,서구,,광주광역시 서구 풍암동 491-3,35.126653,126.868935,1,52660,2019-05-15,2021-05-14,없음,10:00,19:00,10:00,19:00,10:00,17:00,10:00,17:00,10:00,19:00,10:00,19:00,10:00,19:00,10:00,21:00,10:00,21:00,10:00,21:00,10:00,21:00,10:00,19:00,10:00,17:00,10:00,17:00,영업신고 외 품목 판매금지,광주광역시 서구청,062-360-7726,2020-02-10,3600000,광주광역시 서구
부산시청 푸드트럭존,8,2,연제구,부산광역시 연제구 중앙대로 1001,부산광역시 연제구 연산동 1000,35.1804713622,129.0755738272,4,0,2017-12-22,2018-12-22,연중무휴,23:59,23:59,23:59,23:59,,,,,,,,,,,,,,,,,,,,,,,,,,연제구청,051-665-4411,2019-05-15,3370000,부산광역시 연제구
아시아드주경기장,8,2,연제구,부산광역시 연제구 월드컵대로 344,부산광역시 연제구 거제동 1299,35.1895804542,129.0557039341,7,0,2017-11-23,2018-10-31,연주무휴,23:59,23:59,23:59,23:59,,,,,,,,,,,,,,,,,,,,,,,,,,연제구청,051-665-4411,2019-05-15,3370000,부산광역시 연제구
"서서울톨게이트,(서울방향)졸음쉼터 내",7,9,상록구,,"경기도 안산시 상록구 장하동 산 8-1,서서울톨게이트 서울방향",37.357642,126.8650475,1,0,2017-12-15,2018-12-14,연중무휴,00:00,00:00,00:00,00:00,,,,,,,,,,,,,,,,,,,,,,,,,,상록구청 환경위생과,031-481-5235,2019-07-05,3930000,경기도 안산시
"서서울톨게이트,(목포방향)졸음쉼터 내",7,9,상록구,"경기도 안산시 상록구 장하로 141-2, 서서울TG(목포)졸음쉼터 내 (장하동)","경기도 안산시 상록구 장하동 151,서서울TG(목포)졸음쉼터 내",37.3549176,126.8619896,1,0,2017-12-15,2018-12-14,연중무휴,00:00,00:00,00:00,00:00,,,,,,,,,,,,,,,,,,,,,,,,,,상록구청 환경위생과,031-481-5235,2019-07-05,3930000,경기도 안산시
단원구노인복지관,8,9,단원구,"경기도 안산시 단원구 선부광장1로 134, 단원구노인복지관 주차장 좌측 일부 (선부동)",경기도 안산시 단원구 선부동 1077-9,37.3322685415,126.8105841,,0,2018-03-09,2099-12-31,토요일+일요일+공휴일,09:00,18:00,00:00,00:00,,,,,,,,,,,,,,,,,,,,,,,,,,단원구청 환경위생과,031-481-6235,2019-07-05,3930000,경기도 안산시
유니온타워,4,9,하남시,,경기도 하남시 신장동 27,37.5465478303,127.2205032459,,0,2018-06-30,2018-08-26,없음,09:00,18:00,09:00,18:00,,,,,,,,,,,,,,,,,,,,,,,,,,하남시친환경사업소,031-790-6251,2019-08-13,4040000,경기도 하남시
하남문화예술회관,99,9,하남시,"경기도 하남시 신평로 125, 하남문화예술회관 (덕풍동)",경기도 하남시 덕풍동 694,37.5447525432,127.2068376468,,0,2018-05-05,2018-05-05,없음,09:00,18:00,09:00,18:00,,,,,,,,,,,,,,,,,,,,,,,,,,하남문화예술회관,031-790-7979,2019-08-13,4040000,경기도 하남시
사적지 제229호 충의사 주차장,2,12,예산군,,충청남도 예산군 덕산면 시량리 119-1,,,,0,2017-03-15,2099-12-31,연중무휴,00:00,00:00,00:00,00:00,,,,,,,,,,,,,,,,,,,,,,,,,,충청남도 예산군,041-339-7482,2019-09-30,4610000,충청남도 예산군
유형문화재 제43호 추사고택 주차장,2,12,예산군,충청남도 예산군 신암면 추사고택로 261,,,,,0,2017-03-15,2099-12-31,연중무휴,00:00,00:00,00:00,00:00,,,,,,,,,,,,,,,,,,,,,,,,,,충청남도 예산군,041-339-7482,2019-09-30,4610000,충청남도 예산군
예당관광지 주차장,2,12,예산군,,충청남도 예산군 응봉면 후사리 448-1,,,,0,2017-03-15,2099-12-31,연중무휴,00:00,00:00,00:00,00:00,,,,,,,,,,,,,,,,,,,,,,,,,,충청남도 예산군,041-339-7482,2019-09-30,4610000,충청남도 예산군
덕산도립공원 수덕사 주차장,4,12,예산군,,충청남도 예산군 덕산면 사천리 25-36,,,,0,2017-03-15,2099-12-31,연중무휴,00:00,00:00,00:00,00:00,,,,,,,,,,,,,,,,,,,,,,,,,,충청남도 예산군,041-339-7482,2019-09-30,4610000,충청남도 예산군
무한천체육공원 주차장,4,12,예산군,,충청남도 예산군 예산읍 산성리 435-2,,,,0,2017-03-15,2099-12-31,연중무휴,00:00,00:00,00:00,00:00,,,,,,,,,,,,,,,,,,,,,,,,,,충청남도 예산군,041-339-7482,2019-09-30,4610000,충청남도 예산군
국립공주대학교 산업과학대학 주차장,6,12,예산군,충청남도 예산군 예산읍 대학로 54,,,,,0,2017-03-15,2099-12-31,연중무휴,00:00,00:00,00:00,00:00,,,,,,,,,,,,,,,,,,,,,,,,,,충청남도 예산군,041-339-7482,2019-09-30,4610000,충청남도 예산군
봉수산자연휴양림(수목원) 주차장,2,12,예산군,충청남도 예산군 대흥면 임존성길 153,,,,,0,2019-06-17,2099-12-31,연중무휴,00:00,00:00,00:00,00:00,,,,,,,,,,,,,,,,,,,,,,,,,,충청남도 예산군,041-339-7482,2019-09-30,4610000,충청남도 예산군
예산황새공원 주차장,2,12,예산군,충청남도 예산군 광시면 시목대리길 62-19,,,,,0,2019-06-17,2099-12-31,연중무휴,00:00,00:00,00:00,00:00,,,,,,,,,,,,,,,,,,,,,,,,,,충청남도 예산군,041-339-7482,2019-09-30,4610000,충청남도 예산군
경부선연곡졸음쉼터내영업허용장소,7,12,천안시,충청남도 천안시 서북구 입장면 연곡리 243-5,충청남도 천안시 서북구 입장면 연곡리 243-5,,,1,매출액의4,2017-05-28,2019-11-30,연중무휴,08:00,19:00,08:00,19:00,08:00,19:00,08:00,19:00,08:00,19:00,08:00,19:00,08:00,19:00,08:00,19:00,08:00,19:00,08:00,19:00,08:00,19:00,08:00,19:00,08:00,19:00,08:00,19:00,,천안시 서북구청 환경위생과,041-521-6323,2019-05-21,4490000,충청남도 천안시
대명리조트,1,12,천안시,충청남도 천안시 동남구 성남면 종합휴양지로 200,충청남도 천안시 동남구 성남면 용원리 672,,,1,매출액의22,2018-07-02,2099-01-01,연중무휴,09:00,19:00,09:00,19:00,09:00,19:00,09:00,19:00,09:00,19:00,09:00,19:00,09:00,19:00,09:00,19:00,09:00,19:00,09:00,19:00,09:00,19:00,09:00,19:00,09:00,19:00,09:00,19:00,,천안시 동남구청 환경위생과,041-521-4324,2019-05-21,4490000,충청남도 천안시
대명리조트,1,12,천안시,충청남도 천안시 동남구 성남면 종합휴양지로 200,충청남도 천안시 동남구 성남면 용원리 672,,,1,매출액의22,2018-07-02,2099-01-01,연중무휴,09:00,19:00,09:00,19:00,09:00,19:00,09:00,19:00,09:00,19:00,09:00,19:00,09:00,19:00,09:00,19:00,09:00,19:00,09:00,19:00,09:00,19:00,09:00,19:00,09:00,19:00,09:00,19:00,,천안시 동남구청 환경위생과,041-521-4324,2019-05-21,4490000,충청남도 천안시
오션파크썰매장,3,12,천안시,충청남도 천안시 동남구 성남면 종합휴양지로 200,충청남도 천안시 동남구 성남면 용원리 672,,,1,매출액의15,2018-12-19,2099-01-01,연중무휴,09:00,19:00,09:00,19:00,09:00,19:00,09:00,19:00,09:00,19:00,09:00,19:00,09:00,19:00,09:00,19:00,09:00,19:00,09:00,19:00,09:00,19:00,09:00,19:00,09:00,19:00,09:00,19:00,,천안시 동남구청 환경위생과,041-521-4324,2019-05-21,4490000,충청남도 천안시
상림고운광장,4,16,함양군,,경상남도 함양군 함양읍 교산리 1041,35.5253259706,127.7217629605,1,"년9,400원",2016-10-10,2019-10-31,연중무휴,09:00,21:00,09:00,21:00,10:00,19:00,10:00,19:00,10:00,19:00,09:00,21:00,09:00,21:00,09:00,21:00,09:00,21:00,09:00,21:00,09:00,21:00,09:00,21:00,09:00,21:00,10:00,19:00,없음,경상남도 함양군,055-960-5532,2019-09-27,5460000,경상남도 함양군
기장군청,08,02,기장군,부산광역시 기장군 기장대로 560,부산광역시 기장군 기장읍 신천리 1,,,1,연327750원,2017-03-03,2021-01-24,연중무휴,08:30,18:00,08:30,18:00,08:30,18:00,08:30,18:00,08:30,18:00,08:30,18:00,08:30,18:00,08:30,18:00,08:30,18:00,08:30,18:00,08:30,18:00,08:30,18:00,08:30,18:00,08:30,18:00,,기장군,051-709-4162,2019-01-23,3400000,부산광역시 기장군
국유지,08,02,기장군,부산광역시 기장군 기장읍 죽성리 134-10,부산광역시 기장군 기장읍 죽성리 134-10,,,1,연171950원,2018-07-26,2023-07-04,연중무휴,10:00,20:00,10:00,20:00,10:00,20:00,10:00,20:00,10:00,20:00,10:00,20:00,10:00,20:00,10:00,20:00,10:00,20:00,10:00,20:00,10:00,20:00,10:00,20:00,10:00,20:00,10:00,20:00,,한국자산관리공사,051-794-4669,2019-01-23,3400000,부산광역시 기장군
중부선 농다리 졸음쉼터,07,11,진천군,충청북도 진천군 문백면 중부고속도로 31,충청북도 진천군 문백면 구곡리 87,36.8346557956,127.4940162646,1,0,2017-12-08,2018-12-07,연중무휴,00:00,23:59,00:00,23:59,,,,,,,,,,,,,,,,,,,,,,,,,,진천군,043-539-3426,2019-09-16,4450000,충청북도 진천군
금오랜드,1,15,구미시,경상북도 구미시 금오산로 339 (남통동),경상북도 구미시 남통동 253번지,,,1,0,2015-02-11,2099-12-31,연중무휴,09:00,20:00,09:00,20:00,,,,,,,,,,,,,,,,,,,,,,,,,,구미시,054-480-5548,2019-08-30,5080000,경상북도 구미시
선기졸음쉼터(부산방향),7,15,구미시,,경상북도 구미시 도량동 472-4번지 선기졸음쉼터 (부산방향),,,1,0,2017-12-12,2018-12-11,연중무휴,09:00,21:00,09:00,21:00,,,,,,,,,,,,,,,,,,,,,,,,,,구미시,054-480-5548,2019-08-30,5080000,경상북도 구미시
선기졸음쉼터(서울방향),7,15,구미시,,경상북도 구미시 도량동 333-2번지 선기졸음쉼터 (서울방향),,,1,0,2017-12-12,2018-12-11,연중무휴,09:00,21:00,09:00,21:00,,,,,,,,,,,,,,,,,,,,,,,,,,구미시,054-480-5548,2019-08-30,5080000,경상북도 구미시
곤지암도자기공원,2,9,광주시,경기도 광주시 곤지암읍 경충대로 727,,37.3502842134,127.3347876897,5,0,2018-04-17,2019-12-31,연중무휴,09:00,18:00,09:00,18:00,,,,,,,,,,,,,,,,,,,,,,,,,,경기도 광주시청,031-760-2840,2019-09-25,5540000,경기도 광주시
곤지암팀업캠퍼스,99,9,광주시,경기도 광주시 곤지암읍 경충대로 729,경기도 광주시 곤지암읍 삼리 430,37.3524919481,127.3237003638,2,0,2018-11-19,2022-07-30,연중무휴,00:00,00:00,00:00,00:00,,,,,,,,,,,,,,,,,,,,,,,,,,경기도 광주시청,031-760-2840,2019-09-25,5540000,경기도 광주시
광주시청,99,9,광주시,경기도 광주시 행정타운로 50,경기도 광주시 송정동 570,37.4292862188,127.2550705635,1,0,2017-09-09,2017-09-09,연중무휴,00:00,00:00,00:00,00:00,,,,,,,,,,,,,,,,,,,,,,,,,,경기도 광주시청,031-760-2840,2019-09-25,5540000,경기도 광주시
청석공원,5,9,광주시,,경기도 광주시 쌍령동 242,37.4020598437,127.2728193781,1,0,2016-09-05,2018-12-31,연중무휴,00:00,00:00,00:00,00:00,,,,,,,,,,,,,,,,,,,,,,,,,,경기도 광주시청,031-760-2840,2019-09-25,5540000,경기도 광주시
강화군,01,04,강화군,인천광역시 강화군 화도면 해안남로1196번길 38,인천광역시 강화군 화도면 사기리 301번지 2호,37.6114698757,126.4527204041,1,0,2017-09-01,2019-08-31,월요일,08:00,18:00,08:00,18:00,08:00,18:00,08:00,18:00,08:00,18:00,08:00,18:00,08:00,18:00,08:00,18:00,08:00,18:00,08:00,18:00,08:00,18:00,08:00,18:00,08:00,18:00,08:00,18:00,술,강화군청,032-930-3833,2019-09-20,3570000,인천광역시 강화군
함평공영주차장 내(현재 미운영),02,14,함평군,전라남도 함평군 함평읍 기각리 994-12,전라남도 함평군 함평읍 기각리 994-12,,,1,"연161,920원",2016-12-16,2018-12-15,미운영,00:00,00:00,00:00,00:00,,,,,,,,,,,,,,,,,,,,,,,,,,함평군,061-320-1644,2019-09-24,4960000,전라남도 함평군
원동문화생태공원(원동A),05,16,양산시,,경상남도 양산시 원동면 용당리 566,,,1,공시지가(원) × 면적 × 1(년) × 0.015,2016-03-22,2020-12-31,연중무휴,09:00,19:00,09:00,19:00,,,,,,,,,,,,,,,,,,,,,,,,,,양산시,055-392-2824,2019-09-24,5380000,경상남도 양산시
서룡수변공원(서룡A),05,16,양산시,,경상남도 양산시 원동면 서룡리 586-3,,,1,공시지가(원) × 면적 × 1(년) × 0.015,2016-04-04,2020-12-31,연중무휴,09:00,19:00,09:00,19:00,,,,,,,,,,,,,,,,,,,,,,,,,,양산시,055-392-2824,2019-09-24,5380000,경상남도 양산시
서룡수변공원(서룡B),05,16,양산시,,경상남도 양산시 원동면 서룡리 586-3,,,1,공시지가(원) × 면적 × 1(년) × 0.015,2016-03-25,2020-12-31,연중무휴,09:00,19:00,09:00,19:00,,,,,,,,,,,,,,,,,,,,,,,,,,양산시,055-392-2824,2019-09-24,5380000,경상남도 양산시
황산문화체육공원(황산A),05,16,양산시,,경상남도 양산시 물금읍 물금리 640-12,,,1,공시지가(원) × 면적 × 1(년) × 0.015,2016-04-22,2020-12-31,연중무휴,09:00,19:00,09:00,19:00,,,,,,,,,,,,,,,,,,,,,,,,,,양산시,055-392-2824,2019-09-24,5380000,경상남도 양산시
황산문화체육공원(황산B),05,16,양산시,,경상남도 양산시 물금읍 물금리 214,,,1,공시지가(원) × 면적 × 1(년) × 0.015,2016-04-21,2020-12-31,연중무휴,09:00,19:00,09:00,19:00,,,,,,,,,,,,,,,,,,,,,,,,,,양산시,055-392-2824,2019-09-24,5380000,경상남도 양산시
황산문화체육공원(황산C),05,16,양산시,,경상남도 양산시 물금읍 물금리 171-4,,,1,공시지가(원) × 면적 × 1(년) × 0.015,2016-04-29,2020-12-31,연중무휴,09:00,19:00,09:00,19:00,,,,,,,,,,,,,,,,,,,,,,,,,,양산시,055-392-2824,2019-09-24,5380000,경상남도 양산시
황산문화체육공원(황산D)),05,16,양산시,,경상남도 양산시 물급읍 증산리 291,,,1,공시지가(원) × 면적 × 1(년) × 0.015,2016-04-25,2020-12-31,연중무휴,09:00,19:00,09:00,19:00,,,,,,,,,,,,,,,,,,,,,,,,,,양산시,055-392-2824,2019-09-24,5380000,경상남도 양산시
가산수변공원,05,16,양산시,,경상남도 양산시 동면 가산리 759,,,1,공시지가(원) × 면적 × 1(년) × 0.015,2019-01-01,2020-12-31,연중무휴,09:00,19:00,09:00,19:00,,,,,,,,,,,,,,,,,,,,,,,,,,양산시,055-392-2824,2019-09-24,5380000,경상남도 양산시
푸드트럭존,05,15,영덕군,경상북도 영덕군 축산면 축산리 944-7,경상북도 영덕군 축산면 축산리 944-7,,,1,"10,100원",2017-08-31,2019-08-30,연중무휴,09:00,18:00,09:00,20:00,09:00,17:00,09:00,17:00,09:00,18:00,09:00,18:00,09:00,18:00,09:00,19:00,09:00,19:00,09:00,19:00,09:00,19:00,09:00,18:00,09:00,18:00,09:00,18:00,주류,경상북도 영덕군청,054-730-6172,2019-09-20,5180000,경상북도 영덕군
푸드트럭존,05,15,영덕군,경상북도 영덕군 축산면 축산리 944-7,경상북도 영덕군 축산면 축산리 944-7,,,1,"10,100원",2017-11-06,2019-11-05,연중무휴,09:00,18:00,09:00,20:00,09:00,17:00,09:00,17:00,09:00,18:00,09:00,18:00,09:00,18:00,09:00,19:00,09:00,19:00,09:00,19:00,09:00,19:00,09:00,18:00,09:00,18:00,09:00,18:00,주류,경상북도 영덕군청,054-730-6172,2019-09-20,5180000,경상북도 영덕군
푸드트럭존,99,15,영덕군,경상북도 영덕군 영덕읍 창포리 113-1,경상북도 영덕군 영덕읍 창포리 113-1,,,1,"47,000원",2017-09-14,2019-09-13,연중무휴,09:00,18:00,09:00,20:00,09:00,17:00,09:00,17:00,09:00,18:00,09:00,18:00,09:00,18:00,09:00,19:00,09:00,19:00,09:00,19:00,09:00,19:00,09:00,18:00,09:00,18:00,09:00,18:00,주류,경상북도 영덕군청,054-730-6172,2019-09-20,5180000,경상북도 영덕군
푸드트럭존,99,15,영덕군,경상북도 영덕군 영덕읍 창포리 328-1,경상북도 영덕군 영덕읍 창포리 328-1,,,1,"173,910원",2017-11-29,2019-09-13,연중무휴,09:00,18:00,09:00,20:00,09:00,17:00,09:00,17:00,09:00,18:00,09:00,18:00,09:00,18:00,09:00,19:00,09:00,19:00,09:00,19:00,09:00,19:00,09:00,18:00,09:00,18:00,09:00,18:00,주류,경상북도 영덕군청,054-730-6172,2019-09-20,5180000,경상북도 영덕군
친환경스카이웨이주차장,08,02,동구,,부산광역시 동구 초량동 827-389 친환경스카이웨이주차장,,,1,176410,2016-12-15,2018-12-14,연중무휴,10:00,23:00,10:00,23:00,,,,,,,,,,,,,,,,,,,,,,,,,,부산광역시 동구청,051-440-4984,2019-08-23,3270000,부산광역시 동구
강변축구장,03,03,북구,대구광역시 북구 조야로2길 113-30(서변동),,,,,"월 89,480원",2016-05-25,2018-05-22,비정기적+우천시휴무,00:00,00:00,00:00,00:00,,,,,,,,,,,,,,,,,,,,,,,,,,대구광역시 북구 위생과,053-665-2754,2019-07-31,3450000,대구광역시 북구
검단졸음쉼터(부산방향),07,03,북구,,대구광역시 북구 검단동 543-2,,,,월매출액의 1,2016-06-28,2018-06-30,연중무휴,07:00,19:00,07:00,19:00,,,,,,,,,,,,,,,,,,,,,,,,,,대구광역시 북구 위생과,053-665-2754,2019-07-31,3450000,대구광역시 북구
검단졸음쉼터(서울방향),07,03,북구,,대구광역시 북구 검단동 376-11,,,,월매출액의 1,2016-06-28,2018-06-30,연중무휴,07:00,19:00,07:00,19:00,,,,,,,,,,,,,,,,,,,,,,,,,,대구광역시 북구 위생과,053-665-2754,2019-07-31,3450000,대구광역시 북구
구수산도서관 주차장,08,03,북구,대구광역시 북구 대천로 21(읍내동),,,,,"월 89,480원",2016-12-27,2017-12-26,비정기적+우천시휴무,00:00,00:00,00:00,00:00,,,,,,,,,,,,,,,,,,,,,,,,,,대구광역시 북구 위생과,053-665-2754,2019-07-31,3450000,대구광역시 북구
산격대교 인근 축제장,99,03,북구,,대구광역시 북구 산격동 677-3,,,,0,2017-09-23,2017-09-24,비정기적+우천시휴무,00:00,00:00,00:00,00:00,,,,,,,,,,,,,,,,,,,,,,,,,,대구광역시 북구 위생과,053-665-2754,2019-07-31,3450000,대구광역시 북구
북구청광장,08,03,북구,대구광역시 북구 옥산로 65(침산동),,,,,0,2017-10-13,2017-10-13,비정기적+우천시휴무,00:00,00:00,00:00,00:00,,,,,,,,,,,,,,,,,,,,,,,,,,대구광역시 북구 위생과,053-665-2754,2019-07-31,3450000,대구광역시 북구
도덕산근린공원 내,04,09,광명시,경기도 광명시 광명동 317-80,경기도 광명시 광명동 317-80,37.468300,126.857800,1,"연 7,000원~8,000원",2017-01-09,2019-01-06,연중무휴,13:00,21:00,13:00,21:00,,,,,,,,,,,,,,,,,,,,,,,,,,광명시 생활위생과,02-2680-5483,2019-09-09,3900000,경기도 광명시
독산역 2번출구 앞 광장,08,01,금천구,서울특별시 금천구 벚꽃로 115(가산동),서울특별시 금천구 가산동 717,37.4656408,126.8897931,3,1420100,2018-04-02,2020-03-31,트럭별 상이,07:00,22:00,07:00,22:00,07:00,22:00,07:00,22:00,07:00,22:00,07:00,22:00,07:00,22:00,07:00,22:00,07:00,22:00,07:00,22:00,07:00,22:00,07:00,22:00,07:00,22:00,07:00,22:00,주류,지역경제과,02-2627-1306,2019-09-17,3170000,서울특별시 금천구
자라섬캠핑장,01,09,가평군,경기도 가평군 가평읍 자라섬로 60,경기도 가평군 가평읍 달전리 산 7번지,,,1,"년 15,179,000원",2015-06-08,2020-06-07,연중무휴,11:00,18:00,10:00,20:00,,,,,,,,,,,,,,,,,,,,,,,,,,가평군,031-580-2231,2019-09-05,4160000,경기도 가평군
남항대교 하부,08,02,영도구,,부산광역시 영도구 영선2동 186-71,35.08212632,129.0390876,2,"400,950",2016-12-26,2020-12-25,연중무휴,10:00,22:00,10:00,22:00,10:00,22:00,10:00,22:00,10:00,22:00,10:00,22:00,10:00,22:00,10:00,22:00,10:00,22:00,10:00,22:00,10:00,22:00,10:00,22:00,10:00,22:00,10:00,22:00,,영도구청,051-419-4653,2019-07-31,3280000,부산광역시 영도구
강진오감통,99,14,강진군,전라남도 강진군 강진읍 오감길 2 2동,,,,0,-,2018-10-01,2019-09-30,-,00:00,00:00,00:00,00:00,00:00,00:00,00:00,00:00,00:00,00:00,00:00,00:00,00:00,00:00,00:00,00:00,00:00,00:00,00:00,00:00,00:00,00:00,00:00,00:00,00:00,00:00,00:00,00:00,-,강진군청,061-430-3362,2019-09-11,4920000,전라남도 강진군
고려청자박물관,99,14,강진군,전라남도 강진군 대구면 청자촌길 33 청자사업소,,,,0,-,2018-10-01,2019-09-30,-,00:00,00:00,00:00,00:00,00:00,00:00,00:00,00:00,00:00,00:00,00:00,00:00,00:00,00:00,00:00,00:00,00:00,00:00,00:00,00:00,00:00,00:00,00:00,00:00,00:00,00:00,00:00,00:00,-,강진군청,061-430-3732,2019-09-11,4920000,전라남도 강진군
시문학파기념관,99,14,강진군,전라남도 강진군 강진읍 영랑생가길 14,,,,0,-,2018-10-01,2019-09-30,-,00:00,00:00,00:00,00:00,00:00,00:00,00:00,00:00,00:00,00:00,00:00,00:00,00:00,00:00,00:00,00:00,00:00,00:00,00:00,00:00,00:00,00:00,00:00,00:00,00:00,00:00,00:00,00:00,-,강진군청,061-430-3372,2019-09-11,4920000,전라남도 강진군
다산박물관,99,14,강진군,전라남도 강진군 도암면 다산로 766-20,,,,0,-,2018-10-01,2019-09-30,-,00:00,00:00,00:00,00:00,00:00,00:00,00:00,00:00,00:00,00:00,00:00,00:00,00:00,00:00,00:00,00:00,00:00,00:00,00:00,00:00,00:00,00:00,00:00,00:00,00:00,00:00,00:00,00:00,-,강진군청,061-430-3912,2019-09-11,4920000,전라남도 강진군
강진군도서관,99,14,강진군,전라남도 강진군 강진읍 남문길 10,,,,0,-,2018-10-01,2019-09-30,-,00:00,00:00,00:00,00:00,00:00,00:00,00:00,00:00,00:00,00:00,00:00,00:00,00:00,00:00,00:00,00:00,00:00,00:00,00:00,00:00,00:00,00:00,00:00,00:00,00:00,00:00,00:00,00:00,-,강진군청,061-430-3832,2019-09-11,4920000,전라남도 강진군
강진군아트홀,99,14,강진군,전라남도 강진군 강진읍 영랑로1길 9 강진아트홀,,,,0,-,2018-10-01,2019-09-30,-,00:00,00:00,00:00,00:00,00:00,00:00,00:00,00:00,00:00,00:00,00:00,00:00,00:00,00:00,00:00,00:00,00:00,00:00,00:00,00:00,00:00,00:00,00:00,00:00,00:00,00:00,00:00,00:00,-,강진군청,061-430-3972,2019-09-11,4920000,전라남도 강진군
황룡친수공원,04,05,광산구,광주광역시 광산구 선운로2번길 40,광주광역시 광산구 선암동 241-31,35.1460474959,126.773289115,1,"년360,000원",2018-06-01,2020-05-31,연중무휴,10:00,19:00,10:00,19:00,10:00,17:00,10:00,17:00,10:00,19:00,10:00,19:00,10:00,19:00,10:00,19:00,10:00,19:00,10:00,19:00,10:00,19:00,10:00,19:00,10:00,17:00,10:00,17:00,주류,광주광역시 건설행정과,062-960-8558,2019-01-01,3630000,광주광역시 광산구
오장폭포주차장,02,10,정선군,,강원도 정선군 여량면 구절리 산 2번지 3호,37.540046,128.749125,1,10만원(10년치),2017-01-19,2027-01-19,없음,09:00,17:00,09:00,17:00,09:00,17:00,09:00,17:00,09:00,17:00,09:00,17:00,09:00,17:00,09:00,17:00,09:00,17:00,09:00,17:00,09:00,17:00,09:00,17:00,09:00,17:00,09:00,17:00,식품외품목,정선군청,033-560-2010,2019-06-30,4290000,강원도 정선군
만항재,02,10,정선군,강원도 정선군 고한읍 함백산로 1093-10,강원도 정선군 고한읍 고한리 산 215번지 3호,37.159373,128.900325,1,120만원(1년치),2017-06-12,2018-06-12,없음,10:00,17:00,08:30,18:00,10:00,17:00,10:00,17:00,10:00,17:00,10:00,17:00,10:00,17:00,10:00,17:00,10:00,17:00,10:00,17:00,10:00,17:00,10:00,17:00,10:00,17:00,10:00,17:00,식품외품목,정선군청,033-560-2010,2019-06-30,4290000,강원도 정선군
한밭야구장,03,06,중구,"대전광역시 중구 대종로 373, 한밭야구장 80서5128 (부사동)",대전광역시 중구 부사동 209-1,36.3172026,127.4285703,1,10000000원,2016-04-04,2019-12-31,야구 비시즌,18:30,20:30,00:00,00:00,,,,,,,,,,,,,,,,,,,,,,,,,치킨 외,대전 중구청 위생과,042-606-6106,2019-09-09,3650000,대전광역시 중구
한밭야구장,03,06,중구,"대전광역시 중구 대종로 373, 한밭야구장 89구9540 (부사동)",대전광역시 중구 부사동 209-1,36.3172026,127.4285703,1,10000000원,2016-04-07,2020-02-28,야구 비시즌,18:30,20:30,00:00,00:00,,,,,,,,,,,,,,,,,,,,,,,,,치킨 외,대전 중구청 위생과,042-606-6106,2019-09-09,3650000,대전광역시 중구
한밭야구장,03,06,중구,"대전광역시 중구 대종로 373, 한밭야구장 89머1606 (부사동)",대전광역시 중구 부사동 209-1,36.3172026,127.4285703,1,10000000원,2017-04-03,2019-11-30,야구 비시즌,18:30,20:30,00:00,00:00,,,,,,,,,,,,,,,,,,,,,,,,,치킨 외,대전 중구청 위생과,042-606-6106,2019-09-09,3650000,대전광역시 중구
영남이공대학교 기계공학관 맞은편 공터,06,03,남구,대구광역시 남구 현충로 170,대구광역시 남구 대명동 317-1,,,1,0,2018-03-02,2018-12-15,2018.6.24~8.26,11:00,14:00,00:00,00:00,,,,,11:00,14:00,11:00,14:00,11:00,14:00,11:00,14:00,,,11:00,14:00,11:00,14:00,11:00,14:00,11:00,14:00,11:00,14:00,,대구시남구청,053-664-2765,2019-09-05,3440000,대구광역시 남구
남광주시장,99,05,동구,광주광역시 동구 제봉로7,광주광역시 동구 학동55,,,9,0,2016-09-09,2019-01-16,월요일+화요일+수요일+목요일,18:00,23:00,18:00,23:00,18:00,23:00,18:00,23:00,18:00,23:00,18:00,23:00,18:00,23:00,18:00,23:00,18:00,23:00,18:00,23:00,18:00,23:00,18:00,23:00,18:00,23:00,18:00,23:00,주류,광주광역시 동구,062-608-2463,2019-09-04,3590000,광주광역시 동구
아시아문화전당,01,05,동구,광주광역시 동구 문화전당로38,광주광역시 동구 광산동 13,,,8,0,2017-08-24,2019-08-17,월요일+화요일+수요일+목요일,17:00,21:00,17:00,21:00,17:00,21:00,17:00,21:00,17:00,21:00,17:00,21:00,17:00,21:00,17:00,21:00,17:00,21:00,17:00,21:00,17:00,21:00,17:00,21:00,17:00,21:00,17:00,21:00,주류,광주광역시 동구,062-608-2463,2019-09-04,3590000,광주광역시 동구
경산생활체육공원,04,15,경산시,"경상북도 경산시 남매로 100 (상방동, 경산생활체육공원 일원)",,,,1,0,2019-06-03,2021-05-31,연중무휴,10:00,18:00,10:00,18:00,10:00,18:00,10:00,18:00,10:00,18:00,10:00,18:00,10:00,18:00,10:00,18:00,10:00,18:00,10:00,18:00,10:00,18:00,10:00,18:00,10:00,18:00,10:00,18:00,,경상북도 경산시 보건소,053-810-6337,2019-09-05,5130000,경상북도 경산시
삼성현역사문화공원,01,15,경산시,경상북도 경산시 남산면 삼성현공원로 59,,,,1,0,2017-11-09,2019-10-26,연중무휴,10:00,18:00,10:00,18:00,10:00,18:00,10:00,18:00,10:00,18:00,10:00,18:00,10:00,18:00,10:00,18:00,10:00,18:00,10:00,18:00,10:00,18:00,10:00,18:00,10:00,18:00,10:00,18:00,,경상북도 경산시 보건소,053-810-6337,2019-09-05,5130000,경상북도 경산시
경일대학교,06,15,경산시,"경상북도 경산시 하양읍 가마실길 50, 경일대학교 학생회관 1층 앞주차장 18호관 편의점 앞 주차장",,,,1,0,2019-02-20,2020-02-29,연중무휴,10:00,18:00,10:00,18:00,10:00,18:00,10:00,18:00,10:00,18:00,10:00,18:00,10:00,18:00,10:00,18:00,10:00,18:00,10:00,18:00,10:00,18:00,10:00,18:00,10:00,18:00,10:00,18:00,,경상북도 경산시 보건소,053-810-6337,2019-09-05,5130000,경상북도 경산시
대구한의대학교,06,15,경산시,"경상북도 경산시 한의대로 1, 대구한의대학교 (유곡동)",,,,1,0,2018-08-09,2019-12-31,연중무휴,10:00,18:00,10:00,18:00,10:00,18:00,10:00,18:00,10:00,18:00,10:00,18:00,10:00,18:00,10:00,18:00,10:00,18:00,10:00,18:00,10:00,18:00,10:00,18:00,10:00,18:00,10:00,18:00,,경상북도 경산시 보건소,053-810-6337,2019-09-05,5130000,경상북도 경산시
당진시청,08,12,당진시,충청남도 당진시 시청1로1,,,,1,"연 134,000원",2018-04-19,2020-04-18,토요일+일요일+공휴일,09:00,18:00,00:00,00:00,,,,,,,,,,,,,,,,,,,,,,,,,,당진시 보건소,041-360-6120,2019-09-04,5680000,충청남도 당진시
어름수변공원,04,12,당진시,충청남도 당진시 대덕1로 2길 5,,,,1,"연 134,000원",2018-04-19,2020-04-18,평일,00:00,00:00,14:00,22:00,,,,,,,,,,,,,,,,,,,,,,,,,,당진시 보건소,041-360-3120,2019-09-04,5680000,충청남도 당진시
서해안선 당진(시흥)졸음쉼터,07,12,당진시,충청남도 당진시 송악읍 서해안고속도로 265,,,,1,0원,2017-12-01,2019-11-30,연중무휴,00:00,23:59,00:00,23:59,,,,,,,,,,,,,,,,,,,,,,,,,,한국도로공사대전충남본부,042-722-6046,2019-09-04,5680000,충청남도 당진시
서해안선 당진(목포)졸음쉼터,07,12,당진시,충청남도 당진시 송악읍 서해안고속도로 265,,,,1,0원,2017-12-01,2019-11-30,연중무휴,00:00,23:59,00:00,23:59,,,,,,,,,,,,,,,,,,,,,,,,,,한국도로공사대전충남본부,042-722-6046,2019-09-04,5680000,충청남도 당진시
문화시설,03,14,순천시,전라남도 순천시  환선로 133,전라남도 순천시 석현동 62-3,34.9677313,127.4868000,0,"314,250",2016-07-21,2016-07-21,0,00:00,00:00,00:00,00:00,00:00,00:00,00:00,00:00,00:00,00:00,00:00,00:00,00:00,00:00,00:00,00:00,00:00,00:00,00:00,00:00,00:00,00:00,00:00,00:00,00:00,00:00,00:00,,주류,자치혁신과,061-749-5597,2019-08-30,4820000,전라남도 순천시
유원시설,99,14,순천시,전라남도 순천시 석현동 549-1,전라남도 순천시 석현동 549-1,34.9694132,127.4872612,1,"314,250",2018-04-20,2018-04-20,없음,10:00,20:00,10:00,20:00,10:00,20:00,10:00,20:00,10:00,20:00,,,,,,,,,,,,,,,,,,,주류,자치혁신과,061-749-5597,2019-08-30,4820000,전라남도 순천시
경인아라뱃길,05,04,계양구,인천광역시 계양구 평동 23-12,인천광역시 계양구 평동 23-12,,,,"연649,000원",2019-01-04,2021-01-03,연중무휴,10:00,21:00,10:00,21:00,,,,,,,,,,,,,,,,,,,,,,,,,,인천광역시 계양구,032-450-5425,2019-08-23,3550000,인천광역시 계양구
경인아라뱃길,05,04,계양구,인천광역시 계양구 평동 23-12,인천광역시 계양구 평동 23-12,,,,"연649,000원",2019-01-04,2021-01-03,연중무휴,10:00,21:00,10:00,21:00,,,,,,,,,,,,,,,,,,,,,,,,,,인천광역시 계양구,032-450-5425,2019-08-23,3550000,인천광역시 계양구
경인아라뱃길,05,04,계양구,인천광역시 계양구 귤현동 396,인천광역시 계양구 귤현동 396,,,,"연649,000원",2019-01-04,2021-01-03,연중무휴,10:00,21:00,10:00,21:00,,,,,,,,,,,,,,,,,,,,,,,,,,인천광역시 계양구,032-450-5425,2019-08-23,3550000,인천광역시 계양구
경인아라뱃길,05,04,계양구,인천광역시 계양구 평동 23-12,인천광역시 계양구 평동 23-12,,,,"연649,000원",2019-01-04,2021-01-03,연중무휴,10:00,21:00,10:00,21:00,,,,,,,,,,,,,,,,,,,,,,,,,,인천광역시 계양구,032-450-5425,2019-08-23,3550000,인천광역시 계양구
경인아라뱃길,05,04,계양구,인천광역시 계양구 평동 23-12,인천광역시 계양구 평동 23-12,,,,"연649,000원",2019-01-04,2021-01-03,연중무휴,10:00,21:00,10:00,21:00,,,,,,,,,,,,,,,,,,,,,,,,,,인천광역시 계양구,032-450-5425,2019-08-23,3550000,인천광역시 계양구
팜랜드,01,09,안성시,경기도 안성시 공도읍 대신두길 28,경기도 안성시 공도읍 신두리 451,36.9920809,127.1931869,1,-,2015-05-29,2025-05-28,-,00:00,00:00,00:00,00:00,,,,,,,,,,,,,,,,,,,,,,,,,-,농업협동조합중앙회,031-8053-7952,2019-07-31,4080000,경기도 안성시
안성시종합운동장,03,09,안성시,경기도 안성시 보개면 종합운동장로 203,경기도 안성시 보개면 양복리 238-1,37.0147795,127.3236059577,1,-,2015-12-11,2025-12-10,-,00:00,00:00,00:00,00:00,,,,,,,,,,,,,,,,,,,,,,,,,-,안성시 시설관리공단,031-672-1234,2019-07-31,4080000,경기도 안성시
한경대,06,09,안성시,경기도 안성시 중앙로 327,경기도 안성시 석정동 63번지 1,37.0112153,127.2655679,1,-,2018-10-24,2021-10-23,-,00:00,00:00,00:00,00:00,,,,,,,,,,,,,,,,,,,,,,,,,,한경대,031-678-5734,2019-07-31,4080000,경기도 안성시
안성맞춤랜드,01,09,안성시,경기도 안성시 보개면 남사당로 198,경기도 안성시 보개면 복평리 294번지 1,37.0317819,127.3101664,1,-,2019-03-12,2019-08-30,-,00:00,00:00,00:00,00:00,,,,,,,,,,,,,,,,,,,,,,,,,,안성시 농업기술센터,031-678-5734,2019-07-31,4080000,경기도 안성시
풍암호수공원,04,05,서구,광주광역시 서구 풍암동 491-3 (풍암호수공원 푸드트럭존),광주광역시 서구 풍암동 491-3,,,,"57,000/년",2017-05-09,2021-05-08,연중무휴,10:00,19:00,10:00,19:00,,,,,,,,,,,,,,,,,,,,,,,,,주류,광주광역시 서구,062-360-7322,2019-05-30,6290000,광주광역시
서대문지역자활썬터,99,01,서대문구,서울특별시 서대문구 연희로11마길 86-77 자활사업단 1층,서울특별시 서대문구 연희동 188-47 자활사업단,,,1,무상,2018-04-25,2100-12-31,"일요일,공휴일",09:30,17:00,09:30,17:00,09:30,16:00,09:30,16:00,09:30,17:00,09:30,17:00,09:30,17:00,09:30,17:00,09:30,17:00,09:30,17:00,09:30,17:00,09:30,17:00,09:30,16:00,09:30,16:00,,서대문구청,02-330-8951,2019-02-25,3120000,서울특별시 서대문구
서울혁신파크,08,01,은평구,서울특별시 은평구 통일로 684,서울특별시 은평구 녹번동 5-29,37.6084420000,126.9337532,1,"년 1,826,770원",2017-03-14,2019-12-31,1월+2월,12:00,16:00,12:00,16:00,,,,,,,,,,,,,,,,,,,,,,,,,,서울특별시 은평구,02-351-8175,2019-08-09,3110000,서울특별시 은평구
독봉산웰빙공원,04,16,거제시,,경상남도 거제시 상동동 100-12,,,4,119595/59730,2016-12-12,2021-03-04,※ 사정에 따라 다름,00:00,23:59,00:00,23:59,,,,,,,,,,,,,,,,,,,,,,,,,,거제시청,055-639-3984,2019-07-31,5370000,경상남도 거제시
지세포친수공간,04,16,거제시,,경상남도 거제시 일운면 소동리 457-10,,,4,40830,2018-04-10,2021-03-04,※ 사정에 따라 다름,00:00,23:59,00:00,23:59,,,,,,,,,,,,,,,,,,,,,,,,,,거제시청,055-639-3984,2019-07-31,5370000,경상남도 거제시
거제시보건소,99,16,거제시,경상남도 거제시 수양로 506,경상남도 거제시 양정동 981,,,4,116540,2018-04-10,2021-03-04,※ 사정에 따라 다름,00:00,23:59,00:00,23:59,,,,,,,,,,,,,,,,,,,,,,,,,,거제시청,055-639-3984,2019-07-31,5370000,경상남도 거제시
거제시청,99,16,거제시,경상남도 거제시 계룡로 125,경상남도 거제시 고현동 717,,,4,103570,2018-04-10,2021-03-04,※ 사정에 따라 다름,00:00,23:59,00:00,23:59,,,,,,,,,,,,,,,,,,,,,,,,,,거제시청,055-639-3984,2019-07-31,5370000,경상남도 거제시
금산군푸드트럭존,99,12,금산군,충청남도 금산군 금산읍 금산로 1559,충청남도 금산군 금산읍 중도리 203-1,,,1,618700,2017-03-17,2019-03-16,없음,10:00,20:00,10:00,20:00,13:00,17:00,13:00,17:00,13:00,17:00,10:00,20:00,10:00,20:00,10:00,20:00,10:00,20:00,10:00,20:00,10:00,20:00,10:00,20:00,13:00,17:00,13:00,17:00,,금산군,041-750-2244,2019-08-07,4550000,충청남도 금산군
병지방계곡,02,10,횡성군,,강원도 횡성군 갑천면 병지방리 530,,,1,0,2017-03-15,2019-02-12,연중무휴,00:00,23:59,00:00,23:59,,,,,,,,,,,,,,,,,,,,,,,,,,횡성군,033-340-5693,2019-06-30,4260000,강원도 횡성군
관악구민종합체육센터,03,01,관악구,서울특별시 관악구 낙성대로3길 37,서울특별시 관악구 봉천동 223-9,37.4730140,126.960306,1,시간당 45원,2019-04-15,2020-04-14,토요일+일요일,11:00,18:00,00:00,00:00,,,,,,,,,,,,,,,,,,,,,,,,,,서울특별시 관악구청,02-879-5746,2019-06-05,3200000,서울특별시 관악구
문화체육회관,03,10,양구군,강원도 양구군 양구읍 양록길23번길 17,강원도 양구군 양구읍 상리 505,38.1083030,127.9843733,2,0,2017-07-10,2019-12-31,0,09:00,18:00,09:00,18:00,09:00,18:00,09:00,18:00,09:00,18:00,09:00,18:00,09:00,18:00,09:00,18:00,09:00,18:00,09:00,18:00,09:00,18:00,09:00,18:00,09:00,18:00,09:00,18:00,,(재)양구군시설관리사업단,033-480-2772,2019-06-12,4320000,강원도 양구군
레포츠공원,03,10,양구군,,강원도 양구군 양구읍 상리 397-1,38.062397,127.585441,2,0,2017-07-10,2019-12-31,0,09:00,18:00,09:00,18:00,09:00,18:00,09:00,18:00,09:00,18:00,09:00,18:00,09:00,18:00,09:00,18:00,09:00,18:00,09:00,18:00,09:00,18:00,09:00,18:00,09:00,18:00,09:00,18:00,,(재)양구군시설관리사업단,033-480-2772,2019-06-12,4320000,강원도 양구군
테니스파크,03,10,양구군,강원도 양구군 양구읍 함춘로 102,강원도 양구군 양구읍 하리 439,38.1170017,127.9886572,2,0,2017-07-10,2019-12-31,0,09:00,18:00,09:00,18:00,09:00,18:00,09:00,18:00,09:00,18:00,09:00,18:00,09:00,18:00,09:00,18:00,09:00,18:00,09:00,18:00,09:00,18:00,09:00,18:00,09:00,18:00,09:00,18:00,,(재)양구군시설관리사업단,033-480-2772,2019-06-12,4320000,강원도 양구군
용하체육관,03,10,양구군,강원도 양구군 남면 정중앙로 624-18,강원도 양구군 남면 용하리 418,38.1088637,128.0352438,2,0,2017-07-10,2019-12-31,0,09:00,18:00,09:00,18:00,09:00,18:00,09:00,18:00,09:00,18:00,09:00,18:00,09:00,18:00,09:00,18:00,09:00,18:00,09:00,18:00,09:00,18:00,09:00,18:00,09:00,18:00,09:00,18:00,,(재)양구군시설관리사업단,033-480-2772,2019-06-12,4320000,강원도 양구군
청춘체육관,03,10,양구군,강원도 양구군 양구읍 함춘로 64,강원도 양구군 양구읍 하리 434-1,38.1142268367,127.987115967,2,0,2019-03-27,2019-12-31,0,09:00,18:00,09:00,18:00,09:00,18:00,09:00,18:00,09:00,18:00,09:00,18:00,09:00,18:00,09:00,18:00,09:00,18:00,09:00,18:00,09:00,18:00,09:00,18:00,09:00,18:00,09:00,18:00,,(재)양구군시설관리사업단,033-480-2772,2019-06-12,4320000,강원도 양구군
춘향골체육공원,03,13,남원시,전라북도 남원시 충정로 341,전라북도 남원시 월락동 248,35.4308675183,127.4054607270,1,"165,000",2017-08-01,2018-08-02,연중무휴,09:00,18:00,09:00,18:00,09:00,18:00,09:00,18:00,09:00,18:00,09:00,18:00,09:00,18:00,09:00,18:00,09:00,18:00,09:00,18:00,09:00,18:00,09:00,18:00,09:00,18:00,09:00,18:00,없음,남원시청교육체육과,063-620-5619,2019-06-10,4700000,전라북도 남원시
남광주밤기차야시장,99,05,동구,광주광역시 동구 제봉로 7,광주광역시 동구 학동 55,,,,"200,000/월",2016-10-21,2019-12-31,토요일만 영업,00:00,00:00,18:30,23:30,,,,,,,,,,,,,,,,,,,,,,,,,주류,광주광역시 동구,062-608-3357,2019-05-30,6290000,광주광역시
국립아시아문화전당,08,05,동구,광주광역시 동구 문화전당로 38,광주광역시 동구 광산동 13,,,,행사별 다름,2017-05-02,2019-12-31,행사종료일,17:00,22:00,17:00,22:00,,,,,,,,,,,,,,,,,,,,,,,,,주류,광주광역시 동구,062-608-3357,2019-05-30,6290000,광주광역시
충장축제 행사장,99,05,동구,광주광역시 동구 문화전당로 38,광주광역시 동구 광산동 13,,,,"550,000(5일, 부과세 포함)",2016-09-26,2019-12-31,행사종료일,12:30,22:00,12:30,22:00,,,,,,,,,,,,,,,,,,,,,,,,,주류,광주광역시 동구,062-608-3357,2019-05-30,6290000,광주광역시
김대중컨벤션센터,08,05,서구,광주광역시 서구 상무누리로 30,광주광역시 서구 치평동 1159-2,,,,"4,200,000/년",2017-12-16,2021-02-09,연중무휴,10:00,19:00,10:00,19:00,,,,,,,,,,,,,,,,,,,,,,,,,주류,광주광역시 서구,062-360-7322,2019-05-30,6290000,광주광역시
상무시민공원,04,05,서구,"광주광역시 서구 상무공원로 101(1층 치평동, 상무시민공원)",광주광역시 서구 치평동 1162,,,,확인불가,2017-05-09,2019-05-08,연중무휴,10:00,19:00,10:00,19:00,,,,,,,,,,,,,,,,,,,,,,,,,주류,광주광역시 서구,062-360-7322,2019-05-30,6290000,광주광역시
광주시청(야외스케이트장),08,05,서구,"광주광역시 서구 내방로 111(치평동, 광주광역시청 문화광장 내 야외스케이트장)",광주광역시 서구 치평동 1200,,,,입찰계약,2016-12-17,2017-01-31,연중무휴,10:00,19:00,10:00,19:00,,,,,,,,,,,,,,,,,,,,,,,,,주류,광주광역시 서구,062-360-7322,2019-05-30,6290000,광주광역시
광주사직공원,04,05,남구,"광주광역시 남구 사직길 49-1, 1층 (사동)",광주광역시 남구 사직길 49-1,,,,0,2018-08-31,2019-12-31,영업주 자유,13:00,23:59,13:00,23:59,,,,,,,,,,,,,,,,,,,,,,,,,주류,광주정보문화산업진흥원,062-654-3621,2019-05-30,6290000,광주광역시
우치공원,04,05,북구,광주광역시 북구 우치로 649(생용동),광주광역시 북구 생용동 90,,,,"35,110/년",2016-04-19,2020-04-18,연중무휴,10:00,18:00,10:00,18:00,,,,,,,,,,,,,,,,,,,,,,,,,주류,광주광역시 북구,062-410-6698,2019-05-30,6290000,광주광역시
황룡친수공원,04,05,광산구,광주광역시 광산구 선암동 214-4,광주광역시 광산구 선암동 214-4,,,,"360,000/년",2016-06-22,2020-05-31,연중무휴,10:00,19:00,10:00,19:00,10:00,17:00,10:00,17:00,10:00,19:00,10:00,19:00,10:00,19:00,10:00,19:00,10:00,19:00,10:00,19:00,10:00,19:00,10:00,19:00,10:00,17:00,10:00,17:00,주류,광주광역시 광산구,062-960-8784,2019-05-30,6290000,광주광역시
선문대학교 내,06,12,아산시,충청남도 아산시 탕정면 선문로221번길 70,,36.7983500,127.0731546,1,0,2016-04-22,2019-02-28,토요일+일요일+공휴일,10:00,17:00,00:00,00:00,,,,,,,,,,,,,,,,,,,,,,,,,,아산시,041-540-2612,2019-05-31,4520000,충청남도 아산시
이순신종합운동장,03,12,아산시,충청남도 아산시 남부로 370-24,,36.7681453,127.0212148,2,관람객수에 따라 다름(경기시 평균 120000),2018-02-28,2018-12-31,경기없는날,00:00,00:00,17:00,22:00,,,,,,,,,,,,,,,,,,,,,,,,,,아산시,041-540-2612,2019-05-31,4520000,충청남도 아산시
만안구청,08,09,안양시,경기도 안양시 만안구 안양로128,,,,1,"1,317,250",2018-05-30,2019-05-29,토요일+일요일+공휴일,09:00,18:00,00:00,00:00,,,,,,,,,,,,,,,,,,,,,,,,,,안양시,031-8045-2208,2019-03-28,3830000,경기도 안양시
안양종합운동장,03,09,안양시,경기도 안양시 동안구 평촌대로389,,,,8,매출액 15(VAT별도),2018-03-11,2018-09-30,평일,00:00,00:00,19:00,22:30,,,,,,,,,,,,,,,,,,,,,,,,,,안양시,031-8045-2208,2019-03-28,3830000,경기도 안양시
청성역사공원 지역,04,09,포천시,,경기도 포천시 군내면 하성북리 637-5,,,,일/325원,2017-07-27,2018-03-31,연중무휴,10:00,19:00,10:00,19:00,,,,,,,,,,,,,,,,,,,,,,,,,,포천시,031-538-2358,2019-05-10,5600000,경기도 포천시
푸드트럭존,99,01,서초구,서울특별시 서초구 서초동 1318-8,서울특별시 서초구 서초동 1318-8,37.4968662,127.0246298,17,1747900,2017-01-01,2017-12-31,연중무휴,12:00,23:59,12:00,23:59,12:00,23:59,12:00,23:59,12:00,23:59,12:00,23:59,12:00,23:59,12:00,23:59,12:00,23:59,12:00,23:59,12:00,23:59,12:00,23:59,12:00,23:59,12:00,23:59,,서초구,02-2155-6950,2019-05-23,3210000,서울특별시 서초구
성모병원사거리,99,01,서초구,서울특별시 서초구 반포동 123,서울특별시 서초구 반포동 123,37.5029667,127.0028635,1,344300,2017-01-01,2017-12-31,연중무휴,12:00,23:59,12:00,23:59,12:00,23:59,12:00,23:59,12:00,23:59,12:00,23:59,12:00,23:59,12:00,23:59,12:00,23:59,12:00,23:59,12:00,23:59,12:00,23:59,12:00,23:59,12:00,23:59,,서초구,02-2155-6950,2019-05-23,3210000,서울특별시 서초구
양재역 1번,99,01,서초구,서울특별시 서초구 서초동 1366-12,서울특별시 서초구 서초동 1366-12,37.4846867,127.0308908,1,924000,2017-01-01,2017-12-31,연중무휴,12:00,23:59,12:00,23:59,12:00,23:59,12:00,23:59,12:00,23:59,12:00,23:59,12:00,23:59,12:00,23:59,12:00,23:59,12:00,23:59,12:00,23:59,12:00,23:59,12:00,23:59,12:00,23:59,,서초구,02-2155-6950,2019-05-23,3210000,서울특별시 서초구
양재역 5번,99,01,서초구,서울특별시 서초구 양재동 12-3,서울특별시 서초구 양재동 12-3,37.4843163,127.0329727,2,1007600,2017-01-01,2017-12-31,연중무휴,12:00,23:59,12:00,23:59,12:00,23:59,12:00,23:59,12:00,23:59,12:00,23:59,12:00,23:59,12:00,23:59,12:00,23:59,12:00,23:59,12:00,23:59,12:00,23:59,12:00,23:59,12:00,23:59,,서초구,02-2155-6950,2019-05-23,3210000,서울특별시 서초구
신사역,99,01,서초구,서울특별시 서초구 양재동 327,서울특별시 서초구 양재동 327,37.5155486,127.0194045,1,665940,2017-01-01,2017-12-31,연중무휴,12:00,23:59,12:00,23:59,12:00,23:59,12:00,23:59,12:00,23:59,12:00,23:59,12:00,23:59,12:00,23:59,12:00,23:59,12:00,23:59,12:00,23:59,12:00,23:59,12:00,23:59,12:00,23:59,,서초구,02-2155-6950,2019-05-23,3210000,서울특별시 서초구
금강제화,99,01,서초구,서울특별시 서초구 서초동 1309-8,서울특별시 서초구 서초동 1309-8,37.5018163,127.0224161,1,908600,2017-01-01,2017-12-31,연중무휴,12:00,23:59,12:00,23:59,12:00,23:59,12:00,23:59,12:00,23:59,12:00,23:59,12:00,23:59,12:00,23:59,12:00,23:59,12:00,23:59,12:00,23:59,12:00,23:59,12:00,23:59,12:00,23:59,,서초구,02-2155-6950,2019-05-23,3210000,서울특별시 서초구
반포쇼핑타운4동,99,01,서초구,서울특별시 서초구 잠원동 69-2,서울특별시 서초구 잠원동 69-2,37.5065026,127.0026432,2,550000,2017-01-01,2017-12-31,연중무휴,12:00,23:59,12:00,23:59,12:00,23:59,12:00,23:59,12:00,23:59,12:00,23:59,12:00,23:59,12:00,23:59,12:00,23:59,12:00,23:59,12:00,23:59,12:00,23:59,12:00,23:59,12:00,23:59,,서초구,02-2155-6950,2019-05-23,3210000,서울특별시 서초구
남부터미널,99,01,서초구,서울특별시 서초구 서초동 1446-1,서울특별시 서초구 서초동 1446-1,37.4842081,127.0132047,1,473000,2017-01-01,2017-12-31,연중무휴,12:00,23:59,12:00,23:59,12:00,23:59,12:00,23:59,12:00,23:59,12:00,23:59,12:00,23:59,12:00,23:59,12:00,23:59,12:00,23:59,12:00,23:59,12:00,23:59,12:00,23:59,12:00,23:59,,서초구,02-2155-6950,2019-05-23,3210000,서울특별시 서초구
